"","municipio_ejecucion_2","total_contratos","valor","asignacion","codigo_municipio","codigo_departamento"
"1","amazonas-elencanto",16,"0","amazonas-elencanto","91263","91"
"2","amazonas-lachorrera",3,"0","amazonas-lachorrera","91405","91"
"3","amazonas-lapedrera",2,"0","amazonas-lapedrera","91407","91"
"4","amazonas-leticia",7,"0","amazonas-leticia","91001","91"
"5","amazonas-puertoalegria",1,"0","amazonas-puertoalegria","91530","91"
"6","amazonas-puertonarino",1,"0","amazonas-puertonarino","91540","91"
"7","antioquia-abejorral",93,"0","antioquia-abejorral","5002","5"
"8","antioquia-amaga",1,"0","antioquia-amaga","5030","5"
"9","antioquia-amalfi",1,"0","antioquia-amalfi","5031","5"
"10","antioquia-angelopolis",3,"0","antioquia-angelopolis","5036","5"
"11","antioquia-anori",3,"0","antioquia-anori","5040","5"
"12","antioquia-anza",1,"0","antioquia-anza","5044","5"
"13","antioquia-apartado",2,"0","antioquia-apartado","5045","5"
"14","antioquia-arboletes",2,"0","antioquia-arboletes","5051","5"
"15","antioquia-argelia",3,"0","antioquia-argelia","5055","5"
"16","antioquia-armenia",7,"0","antioquia-armenia","5059","5"
"17","antioquia-barbosa",1,"0","antioquia-barbosa","5079","5"
"18","antioquia-bello",35,"0","antioquia-bello","5088","5"
"19","antioquia-belmira",3,"0","antioquia-belmira","5086","5"
"20","antioquia-betulia",3,"0","antioquia-betulia","5093","5"
"21","antioquia-caceres",1,"0","antioquia-caceres","5120","5"
"22","antioquia-caldas",13,"0","antioquia-caldas","5129","5"
"23","antioquia-caracoli",1,"0","antioquia-caracoli","5142","5"
"24","antioquia-caramanta",1,"0","antioquia-caramanta","5145","5"
"25","antioquia-caucasia",7,"0","antioquia-caucasia","5154","5"
"26","antioquia-chigorodo",1,"0","antioquia-chigorodo","5172","5"
"27","antioquia-cisneros",22,"0","antioquia-cisneros","5190","5"
"28","antioquia-ciudadbolivar",6,"0","antioquia-ciudadbolivar","5101","5"
"29","antioquia-cocorna",2,"0","antioquia-cocorna","5197","5"
"30","antioquia-concordia",1,"0","antioquia-concordia","5209","5"
"31","antioquia-dabeiba",1,"0","antioquia-dabeiba","5234","5"
"32","antioquia-donmatias",2,"0","antioquia-donmatias","5237","5"
"33","antioquia-elcarmendeviboral",2,"0","antioquia-elcarmendeviboral","5148","5"
"34","antioquia-elpenol",1,"0.0568627450980392","antioquia-penol","5541","5"
"35","antioquia-elsantuario",1,"0","antioquia-elsantuario","5697","5"
"36","antioquia-fredonia",9,"0","antioquia-fredonia","5282","5"
"37","antioquia-giraldo",1,"0","antioquia-giraldo","5306","5"
"38","antioquia-girardota",4,"0","antioquia-girardota","5308","5"
"39","antioquia-guatape",5,"0","antioquia-guatape","5321","5"
"40","antioquia-heliconia",1,"0","antioquia-heliconia","5347","5"
"41","antioquia-hispania",1,"0","antioquia-hispania","5353","5"
"42","antioquia-itagui",26,"0","antioquia-itagui","5360","5"
"43","antioquia-jardin",7,"0","antioquia-jardin","5364","5"
"44","antioquia-marinilla",1,"0","antioquia-marinilla","5440","5"
"45","antioquia-medellin",100,"0","antioquia-medellin","5001","5"
"46","antioquia-montebello",2,"0","antioquia-montebello","5467","5"
"47","antioquia-narino",1,"0","antioquia-narino","5483","5"
"48","antioquia-necocli",7,"0","antioquia-necocli","5490","5"
"49","antioquia-olaya",2,"0","antioquia-olaya","5501","5"
"50","antioquia-puertonare",3,"0","antioquia-puertonare","5585","5"
"51","antioquia-puertotriunfo",26,"0","antioquia-puertotriunfo","5591","5"
"52","antioquia-remedios",4,"0","antioquia-remedios","5604","5"
"53","antioquia-sabanalarga",1,"0","antioquia-sabanalarga","5628","5"
"54","antioquia-sancarlos",2,"0","antioquia-sancarlos","5649","5"
"55","antioquia-sanjuandeuraba",1,"0","antioquia-sanjuandeuraba","5659","5"
"56","antioquia-sanluis",2,"0","antioquia-sanluis","5660","5"
"57","antioquia-sanpedrodelosmilagros",1,"0","antioquia-sanpedrodelosmilagros","5664","5"
"58","antioquia-sanpedrodeuraba",13,"0","antioquia-sanpedrodeuraba","5665","5"
"59","antioquia-sanroque",1,"0","antioquia-sanroque","5670","5"
"60","antioquia-santabarbara",1,"0","antioquia-santabarbara","5679","5"
"61","antioquia-santafedeantioquia",4,"0","antioquia-santafedeantioquia","5042","5"
"62","antioquia-santodomingo",1,"0","antioquia-santodomingo","5690","5"
"63","antioquia-segovia",9,"0","antioquia-segovia","5736","5"
"64","antioquia-sonson",11,"0","antioquia-sonson","5756","5"
"65","antioquia-sopetran",1,"0","antioquia-sopetran","5761","5"
"66","antioquia-tamesis",1,"0","antioquia-tamesis","5789","5"
"67","antioquia-taraza",1,"0","antioquia-taraza","5790","5"
"68","antioquia-urrao",2,"0","antioquia-urrao","5847","5"
"69","antioquia-valdivia",9,"0","antioquia-valdivia","5854","5"
"70","antioquia-venecia",2,"0","antioquia-venecia","5861","5"
"71","antioquia-yali",3,"0","antioquia-yali","5885","5"
"72","antioquia-yolombo",1,"0","antioquia-yolombo","5890","5"
"73","antioquia-zaragoza",1,"0","antioquia-zaragoza","5895","5"
"74","arauca-arauca",48,"0","arauca-arauca","81001","81"
"75","arauca-arauquita",107,"0","arauca-arauquita","81065","81"
"76","arauca-cravonorte",7,"0","arauca-cravonorte","81220","81"
"77","arauca-fortul",1,"0","arauca-fortul","81300","81"
"78","arauca-puertorondon",24,"0","arauca-puertorondon","81591","81"
"79","arauca-saravena",7,"0","arauca-saravena","81736","81"
"80","arauca-tame",11,"0","arauca-tame","81794","81"
"81","atlantico-baranoa",21,"0","atlantico-baranoa","8078","8"
"82","atlantico-barranquilla",1,"0","atlantico-barranquilla","8001","8"
"83","atlantico-malambo",2,"0","atlantico-malambo","8433","8"
"84","atlantico-santotomas",1,"0","atlantico-santotomas","8685","8"
"85","atlantico-soledad",21,"0","atlantico-soledad","8758","8"
"86","atlantico-suan",1,"0","atlantico-suan","8770","8"
"87","bogotadc-bogotadc",365,"1","ninguno","11001","11"
"88","bolivar-achi",4,"0","bolivar-achi","13006","13"
"89","bolivar-arjona",3,"0","bolivar-arjona","13052","13"
"90","bolivar-calamar",19,"0","bolivar-calamar","13140","13"
"91","bolivar-cartagena",2,"0.064","bolivar-cartagenadeindias","13001","13"
"92","bolivar-montecristo",1,"0","bolivar-montecristo","13458","13"
"93","bolivar-sanjacinto",1,"0","bolivar-sanjacinto","13654","13"
"94","bolivar-sanjuannepomuceno",39,"0","bolivar-sanjuannepomuceno","13657","13"
"95","bolivar-sanmartindeloba",2,"0","bolivar-sanmartindeloba","13667","13"
"96","bolivar-santarosadelima",1,"0.0521739130434784","bolivar-santarosadelsur","13683","13"
"97","bolivar-santarosadelsur",11,"0","bolivar-santarosadelsur","13688","13"
"98","bolivar-simiti",18,"0","bolivar-simiti","13744","13"
"99","bolivar-zambrano",1,"0","bolivar-zambrano","13894","13"
"100","boyaca-almeida",80,"0","boyaca-almeida","15022","15"
"101","boyaca-aquitania",5,"0","boyaca-aquitania","15047","15"
"102","boyaca-boavita",8,"0","boyaca-boavita","15097","15"
"103","boyaca-boyaca",4,"0","boyaca-boyaca","15104","15"
"104","boyaca-busbanza",4,"0","boyaca-busbanza","15114","15"
"105","boyaca-campohermoso",2,"0","boyaca-campohermoso","15135","15"
"106","boyaca-chinavita",5,"0","boyaca-chinavita","15172","15"
"107","boyaca-chiquinquira",30,"0","boyaca-chiquinquira","15176","15"
"108","boyaca-chiquiza(sanpedrodeiguaque)",2,"0.111764705882353","boyaca-chiquiza","15232","15"
"109","boyaca-chiscas",1,"0","boyaca-chiscas","15180","15"
"110","boyaca-chita",1,"0","boyaca-chita","15183","15"
"111","boyaca-duitama",6,"0","boyaca-duitama","15238","15"
"112","boyaca-garagoa",134,"0","boyaca-garagoa","15299","15"
"113","boyaca-guacamayas",8,"0","boyaca-guacamayas","15317","15"
"114","boyaca-guateque",34,"0","boyaca-guateque","15322","15"
"115","boyaca-guican",1,"0","boyaca-guican","15332","15"
"116","boyaca-labranzagrande",3,"0","boyaca-labranzagrande","15377","15"
"117","boyaca-lauvita",1,"0","boyaca-lauvita","15403","15"
"118","boyaca-maripi",2,"0","boyaca-maripi","15442","15"
"119","boyaca-miraflores",13,"0","boyaca-miraflores","15455","15"
"120","boyaca-moniquira",29,"0","boyaca-moniquira","15469","15"
"121","boyaca-muzo",1,"0","boyaca-muzo","15480","15"
"122","boyaca-otanche",2,"0","boyaca-otanche","15507","15"
"123","boyaca-paez",1,"0","boyaca-paez","15514","15"
"124","boyaca-paipa",1,"0","boyaca-paipa","15516","15"
"125","boyaca-pauna",9,"0","boyaca-pauna","15531","15"
"126","boyaca-paya",4,"0","boyaca-paya","15533","15"
"127","boyaca-pesca",2,"0","boyaca-pesca","15542","15"
"128","boyaca-puertoboyaca",12,"0","boyaca-puertoboyaca","15572","15"
"129","boyaca-ramiriqui",3,"0","boyaca-ramiriqui","15599","15"
"130","boyaca-rondon",1,"0","boyaca-rondon","15621","15"
"131","boyaca-sanluisdegaceno",1,"0","boyaca-sanluisdegaceno","15667","15"
"132","boyaca-santana",2,"0","boyaca-santana","15686","15"
"133","boyaca-soata",30,"0","boyaca-soata","15753","15"
"134","boyaca-sogamoso",2,"0","boyaca-sogamoso","15759","15"
"135","boyaca-sotaquira",1,"0","boyaca-sotaquira","15763","15"
"136","boyaca-tunja",42,"0","boyaca-tunja","15001","15"
"137","boyaca-ventaquemada",2,"0","boyaca-ventaquemada","15861","15"
"138","caldas-aguadas",23,"0","caldas-aguadas","17013","17"
"139","caldas-anserma",3,"0","caldas-anserma","17042","17"
"140","caldas-aranzazu",1,"0","caldas-aranzazu","17050","17"
"141","caldas-belalcazar",7,"0","caldas-belalcazar","17088","17"
"142","caldas-filadelfia",1,"0","caldas-filadelfia","17272","17"
"143","caldas-lamerced",3,"0","caldas-lamerced","17388","17"
"144","caldas-manizales",9,"0","caldas-manizales","17001","17"
"145","caldas-manzanares",1,"0","caldas-manzanares","17433","17"
"146","caldas-marulanda",1,"0","caldas-marulanda","17446","17"
"147","caldas-pacora",1,"0","caldas-pacora","17513","17"
"148","caldas-pensilvania",2,"0","caldas-pensilvania","17541","17"
"149","caldas-riosucio",13,"0","caldas-riosucio","17614","17"
"150","caldas-risaralda",1,"0","caldas-risaralda","17616","17"
"151","caldas-salamina",18,"0","caldas-salamina","17653","17"
"152","caldas-samana",3,"0","caldas-samana","17662","17"
"153","caldas-victoria",1,"0","caldas-victoria","17867","17"
"154","caldas-villamaria",6,"0","caldas-villamaria","17873","17"
"155","caqueta-albania",79,"0","caqueta-albania","18029","18"
"156","caqueta-belendelosandaquies",9,"0","caqueta-belendelosandaquies","18094","18"
"157","caqueta-cartagenadelchaira",165,"0","caqueta-cartagenadelchaira","18150","18"
"158","caqueta-eldoncello",11,"0","caqueta-eldoncello","18247","18"
"159","caqueta-elpaujil",2,"0","caqueta-elpaujil","18256","18"
"160","caqueta-florencia",217,"0","caqueta-florencia","18001","18"
"161","caqueta-lamontanita",3,"0","caqueta-lamontanita","18410","18"
"162","caqueta-milan",70,"0","caqueta-milan","18460","18"
"163","caqueta-puertorico",3,"0","caqueta-puertorico","18592","18"
"164","caqueta-sanjosedelfragua",1,"0","caqueta-sanjosedelfragua","18610","18"
"165","caqueta-solano",2,"0","caqueta-solano","18756","18"
"166","caqueta-solita",8,"0","caqueta-solita","18785","18"
"167","casanare-aguazul",32,"0","casanare-aguazul","85010","85"
"168","casanare-chameza",28,"0","casanare-chameza","85015","85"
"169","casanare-hatocorozal",22,"0","casanare-hatocorozal","85125","85"
"170","casanare-lasalina",4,"0","casanare-lasalina","85136","85"
"171","casanare-mani",1,"0","casanare-mani","85139","85"
"172","casanare-monterrey",8,"0","casanare-monterrey","85162","85"
"173","casanare-nunchia",3,"0","casanare-nunchia","85225","85"
"174","casanare-orocue",1,"0","casanare-orocue","85230","85"
"175","casanare-pazdeariporo",1,"0","casanare-pazdeariporo","85250","85"
"176","casanare-pore",1,"0","casanare-pore","85263","85"
"177","casanare-sanluisdepalenque",4,"0","casanare-sanluisdepalenque","85325","85"
"178","casanare-tamara",1,"0","casanare-tamara","85400","85"
"179","casanare-tauramena",1,"0","casanare-tauramena","85410","85"
"180","casanare-villanueva",1,"0","casanare-villanueva","85440","85"
"181","cauca-almaguer",221,"0","cauca-almaguer","19022","19"
"182","cauca-argelia",2,"0","cauca-argelia","19050","19"
"183","cauca-bolivar",2,"0","cauca-bolivar","19100","19"
"184","cauca-buenosaires",83,"0","cauca-buenosaires","19110","19"
"185","cauca-cajibio",321,"0","cauca-cajibio","19130","19"
"186","cauca-caldono",1,"0","cauca-caldono","19137","19"
"187","cauca-caloto",505,"0","cauca-caloto","19142","19"
"188","cauca-corinto",22,"0","cauca-corinto","19212","19"
"189","cauca-eltambo",2,"0","cauca-eltambo","19256","19"
"190","cauca-florencia",3,"0","cauca-florencia","19290","19"
"191","cauca-guachene",1,"0","cauca-guachene","19300","19"
"192","cauca-guapi",2,"0","cauca-guapi","19318","19"
"193","cauca-inza",40,"0","cauca-inza","19355","19"
"194","cauca-lasierra",11,"0","cauca-lasierra","19392","19"
"195","cauca-lavega",6,"0","cauca-lavega","19397","19"
"196","cauca-lopezdemicay",309,"0.0777777777777778","cauca-lopez","19418","19"
"197","cauca-morales",9,"0","cauca-morales","19473","19"
"198","cauca-padilla",172,"0","cauca-padilla","19513","19"
"199","cauca-paez",8,"0","cauca-paez","19517","19"
"200","cauca-patia",2,"0","cauca-patia","19532","19"
"201","cauca-piamonte",2,"0","cauca-piamonte","19533","19"
"202","cauca-piendamo",3,"0","cauca-piendamo","19548","19"
"203","cauca-popayan",5,"0","cauca-popayan","19001","19"
"204","cauca-puertotejada",15,"0","cauca-puertotejada","19573","19"
"205","cauca-purace",1,"0","cauca-purace","19585","19"
"206","cauca-rosas",2,"0","cauca-rosas","19622","19"
"207","cauca-santanderdequilichao",9,"0","cauca-santanderdequilichao","19698","19"
"208","cauca-santarosa",2,"0","cauca-santarosa","19701","19"
"209","cauca-suarez",1,"0","cauca-suarez","19780","19"
"210","cauca-timbio",4,"0","cauca-timbio","19807","19"
"211","cauca-toribio",2,"0","cauca-toribio","19821","19"
"212","cesar-aguachica",11,"0","cesar-aguachica","20011","20"
"213","cesar-agustincodazzi",7,"0","cesar-agustincodazzi","20013","20"
"214","cesar-astrea",26,"0","cesar-astrea","20032","20"
"215","cesar-becerril",1,"0","cesar-becerril","20045","20"
"216","cesar-bosconia",16,"0","cesar-bosconia","20060","20"
"217","cesar-chimichagua",2,"0","cesar-chimichagua","20175","20"
"218","cesar-chiriguana",8,"0","cesar-chiriguana","20178","20"
"219","cesar-curumani",1,"0","cesar-curumani","20228","20"
"220","cesar-elcopey",16,"0","cesar-elcopey","20238","20"
"221","cesar-elpaso",3,"0","cesar-elpaso","20250","20"
"222","cesar-gamarra",8,"0","cesar-gamarra","20295","20"
"223","cesar-lagloria",2,"0","cesar-lagloria","20383","20"
"224","cesar-lajaguadeibirico",8,"0","cesar-lajaguadeibirico","20400","20"
"225","cesar-pelaya",11,"0","cesar-pelaya","20550","20"
"226","cesar-pueblobello",28,"0","cesar-pueblobello","20570","20"
"227","cesar-sandiego",31,"0","cesar-sandiego","20750","20"
"228","cesar-tamalameque",1,"0","cesar-tamalameque","20787","20"
"229","cesar-valledupar",1,"0","cesar-valledupar","20001","20"
"230","colombia-todoelpais",63,"1","ninguno","1","1"
"231","cordoba-ayapel",8,"0","cordoba-ayapel","23068","23"
"232","cordoba-buenavista",1,"0","cordoba-buenavista","23079","23"
"233","cordoba-canalete",2,"0","cordoba-canalete","23090","23"
"234","cordoba-cerete",2,"0","cordoba-cerete","23162","23"
"235","cordoba-cienagadeoro",2,"0","cordoba-cienagadeoro","23189","23"
"236","cordoba-laapartada",3,"0","cordoba-laapartada","23350","23"
"237","cordoba-lorica",26,"0","cordoba-lorica","23417","23"
"238","cordoba-momil",1,"0","cordoba-momil","23464","23"
"239","cordoba-montelibano",60,"0","cordoba-montelibano","23466","23"
"240","cordoba-monteria",51,"0","cordoba-monteria","23001","23"
"241","cordoba-planetarica",10,"0","cordoba-planetarica","23555","23"
"242","cordoba-pueblonuevo",7,"0","cordoba-pueblonuevo","23570","23"
"243","cordoba-puertoescondido",1,"0","cordoba-puertoescondido","23574","23"
"244","cordoba-purisima",2,"0","cordoba-purisima","23586","23"
"245","cordoba-sahagun",2,"0","cordoba-sahagun","23660","23"
"246","cordoba-sanandressotavento",5,"0","cordoba-sanandressotavento","23670","23"
"247","cordoba-sanantero",7,"0","cordoba-sanantero","23672","23"
"248","cordoba-sanpelayo",5,"0","cordoba-sanpelayo","23686","23"
"249","cordoba-tierralta",3,"0","cordoba-tierralta","23807","23"
"250","cordoba-valencia",4,"0","cordoba-valencia","23855","23"
"251","cundinamarca-aguadedios",74,"0","cundinamarca-aguadedios","25001","25"
"252","cundinamarca-alban",2,"0","cundinamarca-alban","25019","25"
"253","cundinamarca-anapoima",1,"0","cundinamarca-anapoima","25035","25"
"254","cundinamarca-anolaima",94,"0","cundinamarca-anolaima","25040","25"
"255","cundinamarca-apulo",17,"0","cundinamarca-apulo","25599","25"
"256","cundinamarca-beltran",22,"0","cundinamarca-beltran","25086","25"
"257","cundinamarca-bituima",4,"0","cundinamarca-bituima","25095","25"
"258","cundinamarca-bojaca",1,"0","cundinamarca-bojaca","25099","25"
"259","cundinamarca-cabrera",2,"0","cundinamarca-cabrera","25120","25"
"260","cundinamarca-cachipay",1,"0","cundinamarca-cachipay","25123","25"
"261","cundinamarca-cajica",26,"0","cundinamarca-cajica","25126","25"
"262","cundinamarca-caparrapi",167,"0","cundinamarca-caparrapi","25148","25"
"263","cundinamarca-caqueza",21,"0","cundinamarca-caqueza","25151","25"
"264","cundinamarca-carmendecarupa",15,"0","cundinamarca-carmendecarupa","25154","25"
"265","cundinamarca-chaguani",13,"0","cundinamarca-chaguani","25168","25"
"266","cundinamarca-chia",26,"0","cundinamarca-chia","25175","25"
"267","cundinamarca-chipaque",3,"0","cundinamarca-chipaque","25178","25"
"268","cundinamarca-choachi",97,"0","cundinamarca-choachi","25181","25"
"269","cundinamarca-choconta",60,"0","cundinamarca-choconta","25183","25"
"270","cundinamarca-cucunuba",5,"0","cundinamarca-cucunuba","25224","25"
"271","cundinamarca-elcolegio",5,"0","cundinamarca-elcolegio","25245","25"
"272","cundinamarca-elpenon",3,"0","cundinamarca-elpenon","25258","25"
"273","cundinamarca-elrosal",1,"0","cundinamarca-elrosal","25260","25"
"274","cundinamarca-facatativa",29,"0","cundinamarca-facatativa","25269","25"
"275","cundinamarca-fomeque",19,"0","cundinamarca-fomeque","25279","25"
"276","cundinamarca-fosca",16,"0","cundinamarca-fosca","25281","25"
"277","cundinamarca-funza",3,"0","cundinamarca-funza","25286","25"
"278","cundinamarca-fuquene",211,"0","cundinamarca-fuquene","25288","25"
"279","cundinamarca-fusagasuga",4,"0","cundinamarca-fusagasuga","25290","25"
"280","cundinamarca-gachala",99,"0","cundinamarca-gachala","25293","25"
"281","cundinamarca-gachancipa",1,"0","cundinamarca-gachancipa","25295","25"
"282","cundinamarca-gacheta",29,"0","cundinamarca-gacheta","25297","25"
"283","cundinamarca-gama",11,"0","cundinamarca-gama","25299","25"
"284","cundinamarca-girardot",7,"0","cundinamarca-girardot","25307","25"
"285","cundinamarca-granada",1,"0","cundinamarca-granada","25312","25"
"286","cundinamarca-guaduas",22,"0","cundinamarca-guaduas","25320","25"
"287","cundinamarca-guasca",20,"0","cundinamarca-guasca","25322","25"
"288","cundinamarca-guataqui",5,"0","cundinamarca-guataqui","25324","25"
"289","cundinamarca-guatavita",44,"0","cundinamarca-guatavita","25326","25"
"290","cundinamarca-jerusalen",3,"0","cundinamarca-jerusalen","25368","25"
"291","cundinamarca-junin",19,"0","cundinamarca-junin","25372","25"
"292","cundinamarca-lamesa",41,"0","cundinamarca-lamesa","25386","25"
"293","cundinamarca-lavega",26,"0","cundinamarca-lavega","25402","25"
"294","cundinamarca-lenguazaque",21,"0","cundinamarca-lenguazaque","25407","25"
"295","cundinamarca-macheta",5,"0","cundinamarca-macheta","25426","25"
"296","cundinamarca-madrid",37,"0","cundinamarca-madrid","25430","25"
"297","cundinamarca-manta",4,"0","cundinamarca-manta","25436","25"
"298","cundinamarca-medina",5,"0","cundinamarca-medina","25438","25"
"299","cundinamarca-mosquera",31,"0","cundinamarca-mosquera","25473","25"
"300","cundinamarca-narino",2,"0","cundinamarca-narino","25483","25"
"301","cundinamarca-nemocon",9,"0","cundinamarca-nemocon","25486","25"
"302","cundinamarca-nimaima",6,"0","cundinamarca-nimaima","25489","25"
"303","cundinamarca-nocaima",2,"0","cundinamarca-nocaima","25491","25"
"304","cundinamarca-pacho",79,"0","cundinamarca-pacho","25513","25"
"305","cundinamarca-paime",1,"0","cundinamarca-paime","25518","25"
"306","cundinamarca-puertosalgar",3,"0","cundinamarca-puertosalgar","25572","25"
"307","cundinamarca-puli",5,"0","cundinamarca-puli","25580","25"
"308","cundinamarca-quipile",3,"0","cundinamarca-quipile","25596","25"
"309","cundinamarca-ricaurte",2,"0","cundinamarca-ricaurte","25612","25"
"310","cundinamarca-sanantoniodeltequendama",37,"0","cundinamarca-sanantoniodeltequendama","25645","25"
"311","cundinamarca-sanfrancisco",4,"0","cundinamarca-sanfrancisco","25658","25"
"312","cundinamarca-sanjuanderioseco",44,"0","cundinamarca-sanjuanderioseco","25662","25"
"313","cundinamarca-sesquile",50,"0","cundinamarca-sesquile","25736","25"
"314","cundinamarca-silvania",54,"0","cundinamarca-silvania","25743","25"
"315","cundinamarca-simijaca",15,"0","cundinamarca-simijaca","25745","25"
"316","cundinamarca-soacha",61,"0","cundinamarca-soacha","25754","25"
"317","cundinamarca-sopo",5,"0","cundinamarca-sopo","25758","25"
"318","cundinamarca-suesca",14,"0","cundinamarca-suesca","25772","25"
"319","cundinamarca-susa",10,"0","cundinamarca-susa","25779","25"
"320","cundinamarca-sutatausa",19,"0","cundinamarca-sutatausa","25781","25"
"321","cundinamarca-tabio",18,"0","cundinamarca-tabio","25785","25"
"322","cundinamarca-tausa",1,"0","cundinamarca-tausa","25793","25"
"323","cundinamarca-tenjo",17,"0","cundinamarca-tenjo","25799","25"
"324","cundinamarca-tibacuy",1,"0","cundinamarca-tibacuy","25805","25"
"325","cundinamarca-tibirita",2,"0","cundinamarca-tibirita","25807","25"
"326","cundinamarca-tocaima",14,"0","cundinamarca-tocaima","25815","25"
"327","cundinamarca-ubaque",9,"0","cundinamarca-ubaque","25841","25"
"328","cundinamarca-vergara",3,"0","cundinamarca-vergara","25862","25"
"329","cundinamarca-viani",2,"0","cundinamarca-viani","25867","25"
"330","cundinamarca-villadesandiegodeubate",24,"0","cundinamarca-villadesandiegodeubate","25843","25"
"331","cundinamarca-viota",11,"0","cundinamarca-viota","25878","25"
"332","cundinamarca-zipaquira",5,"0","cundinamarca-zipaquira","25899","25"
"333","guaviare-calamar",84,"0","guaviare-calamar","95015","95"
"334","guaviare-elretorno",1,"0","guaviare-elretorno","95025","95"
"335","guaviare-miraflores",8,"0","guaviare-miraflores","95200","95"
"336","guaviare-sanjosedelguaviare",18,"0","guaviare-sanjosedelguaviare","95001","95"
"337","huila-acevedo",11,"0","huila-acevedo","41006","41"
"338","huila-agrado",1,"0","huila-agrado","41013","41"
"339","huila-baraya",1,"0","huila-baraya","41078","41"
"340","huila-campoalegre",2,"0","huila-campoalegre","41132","41"
"341","huila-garzon",45,"0","huila-garzon","41298","41"
"342","huila-gigante",4,"0","huila-gigante","41306","41"
"343","huila-iquira",1,"0","huila-iquira","41357","41"
"344","huila-laargentina",4,"0","huila-laargentina","41378","41"
"345","huila-laplata",24,"0","huila-laplata","41396","41"
"346","huila-nataga",1,"0","huila-nataga","41483","41"
"347","huila-neiva",24,"0","huila-neiva","41001","41"
"348","huila-paicol",4,"0","huila-paicol","41518","41"
"349","huila-palestina",1,"0","huila-palestina","41530","41"
"350","huila-pitalito",12,"0","huila-pitalito","41551","41"
"351","huila-rivera",1,"0","huila-rivera","41615","41"
"352","huila-saladoblanco",1,"0","huila-saladoblanco","41660","41"
"353","huila-sanagustin",1,"0","huila-sanagustin","41668","41"
"354","huila-suaza",1,"0","huila-suaza","41770","41"
"355","huila-tarqui",2,"0","huila-tarqui","41791","41"
"356","huila-tesalia",7,"0","huila-tesalia","41797","41"
"357","huila-timana",3,"0","huila-timana","41807","41"
"358","huila-villavieja",1,"0","huila-villavieja","41872","41"
"359","huila-yaguara",3,"0","huila-yaguara","41885","41"
"360","laguajira-albania",2,"0","laguajira-albania","44035","44"
"361","laguajira-dibulla",1,"0","laguajira-dibulla","44090","44"
"362","laguajira-elmolino",17,"0","laguajira-elmolino","44110","44"
"363","laguajira-fonseca",12,"0","laguajira-fonseca","44279","44"
"364","laguajira-puertobolivar",1,"0.0953985507246377","laguajira-uribia","44001","44"
"365","laguajira-riohacha",28,"0","laguajira-riohacha","44001","44"
"366","laguajira-sanjuandelcesar",23,"0","laguajira-sanjuandelcesar","44650","44"
"367","laguajira-urumita",1,"0","laguajira-urumita","44855","44"
"368","magdalena-aracataca",1,"0","magdalena-aracataca","47053","47"
"369","magdalena-chibolo",1,"0.0235294117647059","magdalena-chivolo","47170","47"
"370","magdalena-elreten",5,"0","magdalena-elreten","47268","47"
"371","magdalena-pivijay",2,"0","magdalena-pivijay","47551","47"
"372","magdalena-puebloviejo",6,"0","magdalena-puebloviejo","47570","47"
"373","magdalena-remolino",5,"0","magdalena-remolino","47605","47"
"374","magdalena-salamina",1,"0","magdalena-salamina","47675","47"
"375","magdalena-santabarbaradepinto",1,"0","magdalena-santabarbaradepinto","47720","47"
"376","magdalena-santamarta",3,"0","magdalena-santamarta","47001","47"
"377","magdalena-tenerife",2,"0","magdalena-tenerife","47798","47"
"378","meta-acacias",36,"0","meta-acacias","50006","50"
"379","meta-barrancadeupia",64,"0","meta-barrancadeupia","50110","50"
"380","meta-cabuyaro",8,"0","meta-cabuyaro","50124","50"
"381","meta-castillalanueva",5,"0","meta-castillalanueva","50150","50"
"382","meta-cubarral",5,"0","meta-cubarral","50223","50"
"383","meta-cumaral",9,"0","meta-cumaral","50226","50"
"384","meta-elcalvario",17,"0","meta-elcalvario","50245","50"
"385","meta-elcastillo",7,"0","meta-elcastillo","50251","50"
"386","meta-eldorado",1,"0","meta-eldorado","50270","50"
"387","meta-fuentedeoro",8,"0","meta-fuentedeoro","50287","50"
"388","meta-granada",20,"0","meta-granada","50313","50"
"389","meta-guamal",4,"0","meta-guamal","50318","50"
"390","meta-lamacarena",6,"0","meta-lamacarena","50350","50"
"391","meta-lejanias",3,"0","meta-lejanias","50400","50"
"392","meta-mapiripan",2,"0","meta-mapiripan","50325","50"
"393","meta-mesetas",2,"0","meta-mesetas","50330","50"
"394","meta-puertoconcordia",2,"0","meta-puertoconcordia","50450","50"
"395","meta-puertogaitan",3,"0","meta-puertogaitan","50568","50"
"396","meta-puertolleras",2,"0","meta-puertolleras","50577","50"
"397","meta-puertolopez",4,"0","meta-puertolopez","50573","50"
"398","meta-restrepo",6,"0","meta-restrepo","50606","50"
"399","meta-sancarlosdeguaroa",2,"0","meta-sancarlosdeguaroa","50680","50"
"400","meta-sanjuandearama",1,"0","meta-sanjuandearama","50683","50"
"401","meta-sanmartin",8,"0","meta-sanmartin","50689","50"
"402","meta-uribe",6,"0","meta-uribe","50370","50"
"403","meta-villavicencio",85,"0","meta-villavicencio","50001","50"
"404","meta-vistahermosa",7,"0","meta-vistahermosa","50711","50"
"405","narino-alban",32,"0","narino-alban","52019","52"
"406","narino-aldana",3,"0","narino-aldana","52022","52"
"407","narino-arboleda",2,"0","narino-arboleda","52051","52"
"408","narino-barbacoas",1,"0","narino-barbacoas","52079","52"
"409","narino-belen",8,"0","narino-belen","52083","52"
"410","narino-buesaco",46,"0","narino-buesaco","52110","52"
"411","narino-chachagui",23,"0","narino-chachagui","52240","52"
"412","narino-colon",11,"0","narino-colon","52203","52"
"413","narino-consaca",4,"0","narino-consaca","52207","52"
"414","narino-contadero",2,"0","narino-contadero","52210","52"
"415","narino-cordoba",11,"0","narino-cordoba","52215","52"
"416","narino-cuaspud",3,"0","narino-cuaspud","52224","52"
"417","narino-cumbal",5,"0","narino-cumbal","52227","52"
"418","narino-cumbitara",5,"0","narino-cumbitara","52233","52"
"419","narino-elcharco",1,"0","narino-elcharco","52250","52"
"420","narino-elrosario",11,"0","narino-elrosario","52256","52"
"421","narino-eltablondegomez",4,"0","narino-eltablondegomez","52258","52"
"422","narino-eltambo",4,"0","narino-eltambo","52260","52"
"423","narino-funes",15,"0","narino-funes","52287","52"
"424","narino-guaitarilla",1,"0","narino-guaitarilla","52320","52"
"425","narino-iles",3,"0","narino-iles","52352","52"
"426","narino-ipiales",112,"0","narino-ipiales","52356","52"
"427","narino-lacruz",6,"0","narino-lacruz","52378","52"
"428","narino-laflorida",2,"0","narino-laflorida","52381","52"
"429","narino-latola",2,"0","narino-latola","52390","52"
"430","narino-launion",13,"0","narino-launion","52399","52"
"431","narino-linares",2,"0","narino-linares","52411","52"
"432","narino-losandes",5,"0","narino-losandes","52418","52"
"433","narino-mallama",2,"0","narino-mallama","52435","52"
"434","narino-narino",9,"0","narino-narino","52480","52"
"435","narino-ospina",3,"0","narino-ospina","52506","52"
"436","narino-pasto",6,"0","narino-pasto","52001","52"
"437","narino-policarpa",1,"0","narino-policarpa","52540","52"
"438","narino-potosi",7,"0","narino-potosi","52560","52"
"439","narino-providencia",1,"0","narino-providencia","52565","52"
"440","narino-puerres",11,"0","narino-puerres","52573","52"
"441","narino-pupiales",1,"0","narino-pupiales","52585","52"
"442","narino-ricaurte",6,"0","narino-ricaurte","52612","52"
"443","narino-robertopayan",3,"0","narino-robertopayan","52621","52"
"444","narino-samaniego",16,"0","narino-samaniego","52678","52"
"445","narino-sanbernardo",1,"0","narino-sanbernardo","52685","52"
"446","narino-sanlorenzo",9,"0","narino-sanlorenzo","52687","52"
"447","narino-sanpablo",4,"0","narino-sanpablo","52693","52"
"448","narino-sanpedrodecartago",2,"0","narino-sanpedrodecartago","52694","52"
"449","narino-sapuyes",2,"0","narino-sapuyes","52720","52"
"450","narino-taminango",9,"0","narino-taminango","52786","52"
"451","narino-tangua",1,"0","narino-tangua","52788","52"
"452","narino-yacuanquer",2,"0","narino-yacuanquer","52885","52"
"453","nortedesantander-abrego",575,"0","nortedesantander-abrego","54003","54"
"454","nortedesantander-arboledas",29,"0","nortedesantander-arboledas","54051","54"
"455","nortedesantander-bochalema",19,"0","nortedesantander-bochalema","54099","54"
"456","nortedesantander-cachira",126,"0","nortedesantander-cachira","54128","54"
"457","nortedesantander-cacota",9,"0","nortedesantander-cacota","54125","54"
"458","nortedesantander-chinacota",9,"0","nortedesantander-chinacota","54172","54"
"459","nortedesantander-chitaga",4,"0","nortedesantander-chitaga","54174","54"
"460","nortedesantander-convencion",9,"0","nortedesantander-convencion","54206","54"
"461","nortedesantander-cucutilla",1,"0","nortedesantander-cucutilla","54223","54"
"462","nortedesantander-elcarmen",1,"0","nortedesantander-elcarmen","54245","54"
"463","nortedesantander-eltarra",7,"0","nortedesantander-eltarra","54250","54"
"464","nortedesantander-elzulia",10,"0","nortedesantander-elzulia","54261","54"
"465","nortedesantander-gramalote",3,"0","nortedesantander-gramalote","54313","54"
"466","nortedesantander-hacari",59,"0","nortedesantander-hacari","54344","54"
"467","nortedesantander-herran",2,"0","nortedesantander-herran","54347","54"
"468","nortedesantander-labateca",1,"0","nortedesantander-labateca","54377","54"
"469","nortedesantander-laplayadebelen",7,"0.0451612903225806","nortedesantander-laplaya","54398","54"
"470","nortedesantander-lospatios",13,"0","nortedesantander-lospatios","54405","54"
"471","nortedesantander-lourdes",1,"0","nortedesantander-lourdes","54418","54"
"472","nortedesantander-ocana",16,"0","nortedesantander-ocana","54498","54"
"473","nortedesantander-pamplona",10,"0","nortedesantander-pamplona","54518","54"
"474","nortedesantander-puertosantander",1,"0","nortedesantander-puertosantander","54553","54"
"475","nortedesantander-ragonvalia",2,"0","nortedesantander-ragonvalia","54599","54"
"476","nortedesantander-salazardelaspalmas",1,"0.0628571428571428","nortedesantander-salazar","54660","54"
"477","nortedesantander-sancayetano",2,"0","nortedesantander-sancayetano","54673","54"
"478","nortedesantander-sanjosedecucuta",58,"0.0692934782608696","nortedesantander-cacota","54001","54"
"479","nortedesantander-santiago",3,"0","nortedesantander-santiago","54680","54"
"480","nortedesantander-villadelrosario",5,"0","nortedesantander-villadelrosario","54874","54"
"481","putumayo-colon",4,"0","putumayo-colon","86219","86"
"482","putumayo-orito",3,"0","putumayo-orito","86320","86"
"483","putumayo-puertoasis",2,"0","putumayo-puertoasis","86568","86"
"484","putumayo-puertoleguizamo",17,"0","putumayo-puertoleguizamo","86573","86"
"485","putumayo-sanmiguel(ladorada)",1,"0.0714285714285714","putumayo-sanmiguel","86757","86"
"486","putumayo-sanmigueldemocoa",17,"0.0560000000000001","putumayo-sanmiguel","86757","86"
"487","putumayo-valledelguamuez",6,"0","putumayo-valledelguamuez","86865","86"
"488","quindio-armenia",78,"0","quindio-armenia","63001","63"
"489","quindio-calarca",11,"0","quindio-calarca","63130","63"
"490","quindio-circasia",1,"0","quindio-circasia","63190","63"
"491","quindio-filandia",21,"0","quindio-filandia","63272","63"
"492","quindio-genova",1,"0","quindio-genova","63302","63"
"493","quindio-montenegro",8,"0","quindio-montenegro","63470","63"
"494","quindio-pijao",3,"0","quindio-pijao","63548","63"
"495","quindio-quimbaya",5,"0","quindio-quimbaya","63594","63"
"496","quindio-salento",5,"0","quindio-salento","63690","63"
"497","risaralda-apia",18,"0","risaralda-apia","66045","66"
"498","risaralda-balboa",1,"0","risaralda-balboa","66075","66"
"499","risaralda-belendeumbria",1,"0","risaralda-belendeumbria","66088","66"
"500","risaralda-dosquebradas",10,"0","risaralda-dosquebradas","66170","66"
"501","risaralda-guatica",4,"0","risaralda-guatica","66318","66"
"502","risaralda-lacelia",3,"0","risaralda-lacelia","66383","66"
"503","risaralda-lavirginia",1,"0","risaralda-lavirginia","66400","66"
"504","risaralda-marsella",1,"0","risaralda-marsella","66440","66"
"505","risaralda-mistrato",1,"0","risaralda-mistrato","66456","66"
"506","risaralda-pereira",34,"0","risaralda-pereira","66001","66"
"507","risaralda-pueblorico",19,"0","risaralda-pueblorico","66572","66"
"508","sanandres,providenciaysantacatalina-providencia",2,"1","ninguno","88564","88"
"509","sanandres,providenciaysantacatalina-sanandres",1,"1","ninguno","88564","88"
"510","santander-aguada",25,"0","santander-aguada","68013","68"
"511","santander-barbosa",1,"0","santander-barbosa","68077","68"
"512","santander-barichara",2,"0","santander-barichara","68079","68"
"513","santander-barrancabermeja",15,"0","santander-barrancabermeja","68081","68"
"514","santander-bolivar",4,"0","santander-bolivar","68101","68"
"515","santander-bucaramanga",30,"0","santander-bucaramanga","68001","68"
"516","santander-cabrera",1,"0","santander-cabrera","68121","68"
"517","santander-carcasi",2,"0","santander-carcasi","68152","68"
"518","santander-chipata",1,"0","santander-chipata","68179","68"
"519","santander-elcarmendechucuri",7,"0","santander-elcarmendechucuri","68235","68"
"520","santander-floridablanca",2,"0","santander-floridablanca","68276","68"
"521","santander-galan",2,"0","santander-galan","68296","68"
"522","santander-giron",14,"0","santander-giron","68307","68"
"523","santander-guaca",5,"0","santander-guaca","68318","68"
"524","santander-guadalupe",4,"0","santander-guadalupe","68320","68"
"525","santander-guepsa",5,"0","santander-guepsa","68327","68"
"526","santander-hato",3,"0","santander-hato","68344","68"
"527","santander-labelleza",1,"0","santander-labelleza","68377","68"
"528","santander-landazuri",2,"0","santander-landazuri","68385","68"
"529","santander-lapaz",1,"0","santander-lapaz","68397","68"
"530","santander-lebrija",9,"0","santander-lebrija","68406","68"
"531","santander-lossantos",2,"0","santander-lossantos","68418","68"
"532","santander-malaga",2,"0","santander-malaga","68432","68"
"533","santander-oiba",1,"0","santander-oiba","68500","68"
"534","santander-palmasdelsocorro",1,"0","santander-palmasdelsocorro","68524","68"
"535","santander-pinchote",1,"0","santander-pinchote","68549","68"
"536","santander-puentenacional",2,"0","santander-puentenacional","68572","68"
"537","santander-puertowilches",1,"0","santander-puertowilches","68575","68"
"538","santander-rionegro",4,"0","santander-rionegro","68615","68"
"539","santander-sabanadetorres",2,"0","santander-sabanadetorres","68655","68"
"540","santander-sanandres",2,"0","santander-sanandres","68669","68"
"541","santander-sanbenito",2,"0","santander-sanbenito","68673","68"
"542","santander-sanjosedemiranda",2,"0","santander-sanjosedemiranda","68684","68"
"543","santander-santabarbara",4,"0","santander-santabarbara","68705","68"
"544","santander-simacota",2,"0","santander-simacota","68745","68"
"545","santander-surata",1,"0","santander-surata","68780","68"
"546","santander-velez",7,"0","santander-velez","68861","68"
"547","santander-vetas",1,"0","santander-vetas","68867","68"
"548","santander-villanueva",3,"0","santander-villanueva","68872","68"
"549","sucre-buenavista",2,"0","sucre-buenavista","70110","70"
"550","sucre-caimito",2,"0","sucre-caimito","70124","70"
"551","sucre-coloso",2,"0","sucre-coloso","70204","70"
"552","sucre-corozal",2,"0","sucre-corozal","70215","70"
"553","sucre-galeras",3,"0","sucre-galeras","70235","70"
"554","sucre-guaranda",1,"0","sucre-guaranda","70265","70"
"555","sucre-morroa",1,"0","sucre-morroa","70473","70"
"556","sucre-palmito",1,"0","sucre-palmito","70523","70"
"557","sucre-sampues",4,"0","sucre-sampues","70670","70"
"558","sucre-sanbenitoabad",3,"0","sucre-sanbenitoabad","70678","70"
"559","sucre-sanmarcos",8,"0","sucre-sanmarcos","70708","70"
"560","sucre-sincelejo",1,"0","sucre-sincelejo","70001","70"
"561","sucre-sucre",2,"0","sucre-sucre","70771","70"
"562","tolima-alpujarra",5,"0","tolima-alpujarra","73024","73"
"563","tolima-ambalema",3,"0","tolima-ambalema","73030","73"
"564","tolima-armero",5,"0","tolima-armero","73055","73"
"565","tolima-ataco",2,"0","tolima-ataco","73067","73"
"566","tolima-cajamarca",2,"0","tolima-cajamarca","73124","73"
"567","tolima-carmendeapicala",3,"0","tolima-carmendeapicala","73148","73"
"568","tolima-coello",8,"0","tolima-coello","73200","73"
"569","tolima-coyaima",1,"0","tolima-coyaima","73217","73"
"570","tolima-dolores",1,"0","tolima-dolores","73236","73"
"571","tolima-elespinal",15,"0.0678571428571429","tolima-espinal","73268","73"
"572","tolima-elguamo",4,"0.0285714285714286","tolima-guamo","73319","73"
"573","tolima-ellibano",12,"0.0266666666666667","tolima-libano","73411","73"
"574","tolima-falan",2,"0","tolima-falan","73270","73"
"575","tolima-flandes",5,"0","tolima-flandes","73275","73"
"576","tolima-fresno",2,"0","tolima-fresno","73283","73"
"577","tolima-honda",1,"0","tolima-honda","73349","73"
"578","tolima-ibague",47,"0","tolima-ibague","73001","73"
"579","tolima-icononzo",4,"0","tolima-icononzo","73352","73"
"580","tolima-lerida",25,"0","tolima-lerida","73408","73"
"581","tolima-melgar",3,"0","tolima-melgar","73449","73"
"582","tolima-ortega",9,"0","tolima-ortega","73504","73"
"583","tolima-palocabildo",2,"0","tolima-palocabildo","73520","73"
"584","tolima-prado",2,"0","tolima-prado","73563","73"
"585","tolima-purificacion",60,"0","tolima-purificacion","73585","73"
"586","tolima-rioblanco",1,"0","tolima-rioblanco","73616","73"
"587","tolima-roncesvalles",5,"0","tolima-roncesvalles","73622","73"
"588","tolima-rovira",1,"0","tolima-rovira","73624","73"
"589","tolima-saldana",11,"0","tolima-saldana","73671","73"
"590","tolima-sanantonio",4,"0","tolima-sanantonio","73675","73"
"591","tolima-sansebastiandemariquita",7,"0.130833333333333","tolima-mariquita","73443","73"
"592","tolima-santaisabel",4,"0","tolima-santaisabel","73686","73"
"593","tolima-valledesanjuan",2,"0","tolima-valledesanjuan","73854","73"
"594","tolima-venadillo",2,"0","tolima-venadillo","73861","73"
"595","tolima-villahermosa",2,"0","tolima-villahermosa","73870","73"
"596","valledelcauca-alcala",18,"0","valledelcauca-alcala","76020","76"
"597","valledelcauca-buenaventura",1,"0","valledelcauca-buenaventura","76109","76"
"598","valledelcauca-bugalagrande",8,"0","valledelcauca-bugalagrande","76113","76"
"599","valledelcauca-caicedonia",1,"0","valledelcauca-caicedonia","76122","76"
"600","valledelcauca-cali",28,"0","valledelcauca-cali","76001","76"
"601","valledelcauca-calima",4,"0","valledelcauca-calima","76126","76"
"602","valledelcauca-candelaria",20,"0","valledelcauca-candelaria","76130","76"
"603","valledelcauca-elaguila",9,"0","valledelcauca-elaguila","76243","76"
"604","valledelcauca-florida",11,"0","valledelcauca-florida","76275","76"
"605","valledelcauca-ginebra",5,"0","valledelcauca-ginebra","76306","76"
"606","valledelcauca-guacari",1,"0","valledelcauca-guacari","76318","76"
"607","valledelcauca-jamundi",9,"0","valledelcauca-jamundi","76364","76"
"608","valledelcauca-lacumbre",3,"0","valledelcauca-lacumbre","76377","76"
"609","valledelcauca-launion",1,"0","valledelcauca-launion","76400","76"
"610","valledelcauca-lavictoria",3,"0","valledelcauca-lavictoria","76403","76"
"611","valledelcauca-obando",2,"0","valledelcauca-obando","76497","76"
"612","valledelcauca-palmira",42,"0","valledelcauca-palmira","76520","76"
"613","valledelcauca-pradera",1,"0","valledelcauca-pradera","76563","76"
"614","valledelcauca-restrepo",1,"0","valledelcauca-restrepo","76606","76"
"615","valledelcauca-riofrio",3,"0","valledelcauca-riofrio","76616","76"
"616","valledelcauca-roldanillo",8,"0","valledelcauca-roldanillo","76622","76"
"617","valledelcauca-sanpedro",12,"0","valledelcauca-sanpedro","76670","76"
"618","valledelcauca-sevilla",8,"0","valledelcauca-sevilla","76736","76"
"619","valledelcauca-trujillo",8,"0","valledelcauca-trujillo","76828","76"
"620","valledelcauca-tulua",2,"0","valledelcauca-tulua","76834","76"
"621","valledelcauca-vijes",1,"0","valledelcauca-vijes","76869","76"
"622","valledelcauca-yotoco",11,"0","valledelcauca-yotoco","76890","76"
"623","valledelcauca-yumbo",8,"0","valledelcauca-yumbo","76892","76"
"624","vaupes-caruru",169,"0","vaupes-caruru","97161","97"
"625","vaupes-mitu",23,"0","vaupes-mitu","97001","97"
"626","vichada-cumaribo",28,"0","vichada-cumaribo","99773","99"
"627","vichada-laprimavera",2,"0","vichada-laprimavera","99524","99"
"628","vichada-puertocarreno",91,"0","vichada-puertocarreno","99001","99"
"629","vichada-santarosalia",1,"0","vichada-santarosalia","99624","99"
