Código Departamento;Código Municipio;Departamento;Municipio / Distrito;Grado de importancia económica;"Valor agregado
(Miles de millones de pesos)";Peso relativo municipal en el valor agregado departamental %
5;5001;Antioquia;Medellín;1;54530.70;45.5
8;8001;Atlántico;Barranquilla. Distrito especial. industrial y portuario;1;24184.30;68.5
11;11001;Bogotá Distrito Capital;Bogotá Distrito Capital;1;205023.70;100
13;13001;Bolívar;Cartagena de Indias. Distrito turístico. histórico y cultural;1;18885.80;70.3
68;68001;Santander;Bucaramanga;1;12049.20;30.4
68;68081;Santander;Barrancabermeja;1;9426.20;23.8
76;76001;Valle Del Cauca;Cali;1;32558.60;46.2
5;5045;Antioquia;Apartadó;2;2132.00;1.8
5;5088;Antioquia;Bello;2;4450.20;3.7
5;5266;Antioquia;Envigado;2;7245.50;6
5;5308;Antioquia;Girardota;2;1683.40;1.4
5;5360;Antioquia;Itagüi;2;6353.90;5.3
5;5380;Antioquia;La Estrella;2;1265.90;1.1
5;5615;Antioquia;Rionegro;2;3081.90;2.6
5;5631;Antioquia;Sabaneta;2;2469.30;2.1
5;5837;Antioquia;Turbo;2;2665.00;2.2
8;8433;Atlántico;Malambo;2;1694.10;4.8
8;8758;Atlántico;Soledad;2;5209.30;14.7
15;15001;Boyacá;Tunja;2;3099.80;15.6
15;15238;Boyacá;Duitama;2;1654.30;8.4
15;15572;Boyacá;Puerto Boyacá;2;1520.80;7.7
15;15759;Boyacá;Sogamoso;2;1939.80;9.8
17;17001;Caldas;Manizales;2;6302.10;49.3
18;18001;Caquetá;Florencia;2;1597.80;43.2
19;19001;Cauca;Popayán;2;3480.40;25.7
19;19142;Cauca;Caloto;2;1548.40;11.4
20;20001;Cesar;Valledupar;2;4718.30;28.7
20;20013;Cesar;Agustín Codazzi;2;1515.40;9.2
20;20045;Cesar;Becerril;2;1571.80;9.5
20;20400;Cesar;La Jagua de Ibirico;2;3347.80;20.3
23;23001;Córdoba;Montería;2;4026.30;34.4
25;25126;Cundinamarca;Cajicá;2;1577.70;3.2
25;25175;Cundinamarca;Chía;2;2368.00;4.8
25;25214;Cundinamarca;Cota;2;4246.30;8.6
25;25269;Cundinamarca;Facatativá;2;3483.50;7.1
25;25286;Cundinamarca;Funza;2;2771.40;5.6
25;25290;Cundinamarca;Fusagasugá;2;1560.50;3.2
25;25307;Cundinamarca;Girardot;2;1279.40;2.6
25;25430;Cundinamarca;Madrid;2;1334.60;2.7
25;25473;Cundinamarca;Mosquera;2;2121.10;4.3
25;25754;Cundinamarca;Soacha;2;4760.90;9.7
25;25799;Cundinamarca;Tenjo;2;1387.70;2.8
25;25817;Cundinamarca;Tocancipá;2;3389.50;6.9
25;25899;Cundinamarca;Zipaquirá;2;1613.10;3.3
27;27001;Choco;Quibdó;2;1400.00;31
41;41001;Huila;Neiva;2;5221.70;37.8
41;41551;Huila;Pitalito;2;1392.80;10.1
44;44001;La Guajira;Riohacha. Distrito especial. turístico y cultural;2;2116.20;21.9
44;44035;La Guajira;Albania;2;3093.40;32
47;47001;Magdalena;Santa Marta. Distrito turístico. cultural e histórico;2;5366.90;43.3
50;50001;Meta;Villavicencio;2;8022.80;29.5
50;50006;Meta;Acacías;2;3411.90;12.5
50;50150;Meta;Castilla la Nueva;2;1921.80;7.1
50;50568;Meta;Puerto Gaitán;2;6520.90;24
52;52001;Nariño;Pasto;2;4243.20;32.9
52;52835;Nariño;San Andres de Tumaco;2;1450.60;11.3
54;54001;Norte De Santander;Cúcuta;2;7590.00;55.3
63;63001;Quindío;Armenia;2;4089.10;55.5
66;66001;Risaralda;Pereira;2;7684.60;60.6
66;66170;Risaralda;Dosquebradas;2;2091.10;16.5
68;68276;Santander;Floridablanca;2;2669.30;6.7
68;68307;Santander;Girón;2;2334.10;5.9
68;68547;Santander;Piedecuesta;2;1705.50;4.3
70;70001;Sucre;Sincelejo;2;2705.10;44.1
73;73001;Tolima;Ibagué;2;7636.50;42.2
73;73268;Tolima;Espinal;2;1846.10;10.2
76;76109;Valle Del Cauca;Buenaventura. Distrito especial. industrial. portuario. biodiverso y ecoturístico;2;3234.70;4.6
76;76111;Valle Del Cauca;Guadalajara de Buga;2;2771.60;3.9
76;76130;Valle Del Cauca;Candelaria;2;1706.40;2.4
76;76147;Valle Del Cauca;Cartago;2;1830.70;2.6
76;76364;Valle Del Cauca;Jamundí;2;1556.70;2.2
76;76520;Valle Del Cauca;Palmira;2;4660.70;6.6
76;76834;Valle Del Cauca;Tuluá;2;2714.20;3.9
76;76892;Valle Del Cauca;Yumbo;2;7958.90;11.3
81;81001;Arauca;Arauca;2;1884.70;42.6
85;85001;Casanare;Yopal;2;3636.20;32.1
85;85010;Casanare;Aguazul;2;1682.40;14.9
88;88001;Archipiélago De San Andrés;San Andrés;2;1449.60;93.2
5;5034;Antioquia;Andes;3;665.6;0.6
5;5079;Antioquia;Barbosa;3;1014.70;0.8
5;5129;Antioquia;Caldas;3;1082.50;0.9
5;5147;Antioquia;Carepa;3;1089.10;0.9
5;5154;Antioquia;Caucasia;3;1090.50;0.9
5;5172;Antioquia;Chigorodó;3;863.1;0.7
5;5212;Antioquia;Copacabana;3;1004.80;0.8
5;5250;Antioquia;El Bagre;3;1025.90;0.9
5;5318;Antioquia;Guarne;3;1146.10;1
5;5376;Antioquia;La Ceja;3;558.2;0.5
5;5440;Antioquia;Marinilla;3;724;0.6
5;5490;Antioquia;Necoclí;3;607.8;0.5
5;5579;Antioquia;Puerto Berrío;3;581;0.5
5;5649;Antioquia;San Carlos;3;724;0.6
5;5664;Antioquia;San Pedro de los Milagros;3;878;0.7
5;5686;Antioquia;Santa Rosa de Osos;3;679.6;0.6
5;5736;Antioquia;Segovia;3;667;0.6
5;5756;Antioquia;Sonson;3;859.1;0.7
5;5887;Antioquia;Yarumal;3;551.8;0.5
5;5893;Antioquia;Yondó;3;669.7;0.6
5;5895;Antioquia;Zaragoza;3;590.7;0.5
8;8078;Atlántico;Baranoa;3;691.6;2
8;8296;Atlántico;Galapa;3;664.1;1.9
8;8638;Atlántico;Sabanalarga;3;600.9;1.7
13;13430;Bolívar;Magangué;3;1079.90;4
13;13836;Bolívar;Turbaco;3;559.5;2.1
15;15176;Boyacá;Chiquinquirá;3;764.2;3.9
15;15491;Boyacá;Nobsa;3;955.1;4.8
17;17174;Caldas;Chinchiná;3;1063.40;8.3
17;17380;Caldas;La Dorada;3;675.4;5.3
18;18753;Caquetá;San Vicente del Caguán;3;589.1;15.9
19;19256;Cauca;El Tambo;3;634.1;4.7
19;19455;Cauca;Miranda;3;689.9;5.1
19;19698;Cauca;Santander de Quilichao;3;1152.60;8.5
20;20011;Cesar;Aguachica;3;734.7;4.5
20;20178;Cesar;Chiriguaná;3;580.3;3.5
23;23189;Córdoba;Ciénaga de Oro;3;543.3;4.6
23;23417;Córdoba;Lorica;3;908.2;7.8
23;23466;Córdoba;Montelíbano;3;566.6;4.8
23;23660;Córdoba;Sahagún;3;720.6;6.2
23;23807;Córdoba;Tierralta;3;1053.10;9
25;25200;Cundinamarca;Cogua;3;606.4;1.2
25;25386;Cundinamarca;La Mesa;3;753.6;1.5
25;25740;Cundinamarca;Sibaté;3;941.6;1.9
25;25758;Cundinamarca;Sopó;3;1147.90;2.3
25;25793;Cundinamarca;Tausa;3;704.8;1.4
25;25839;Cundinamarca;Ubalá;3;821.3;1.7
25;25873;Cundinamarca;Villapinzón;3;643.1;1.3
41;41132;Huila;Campoalegre;3;581.6;4.2
41;41298;Huila;Garzón;3;641.8;4.6
41;41524;Huila;Palermo;3;539.3;3.9
41;41885;Huila;Yaguará;3;536.2;3.9
44;44078;La Guajira;Barrancas;3;1044.10;10.8
44;44430;La Guajira;Maicao;3;1021.10;10.6
44;44847;La Guajira;Uribia;3;623.1;6.4
47;47189;Magdalena;Ciénaga;3;1077.10;8.7
47;47980;Magdalena;Zona Bananera;3;807.7;6.5
50;50124;Meta;Cabuyaro;3;699.1;2.6
50;50313;Meta;Granada;3;719.3;2.6
50;50573;Meta;Puerto López;3;758.5;2.8
50;50680;Meta;San Carlos de Guaroa;3;540.8;2
52;52356;Nariño;Ipiales;3;1103.00;8.6
54;54498;Norte De Santander;Ocaña;3;861.2;6.3
54;54874;Norte De Santander;Villa del Rosario;3;546.4;4
63;63130;Quindío;Calarca;3;805.1;10.9
66;66682;Risaralda;Santa Rosa de Cabal;3;727.1;5.7
68;68190;Santander;Cimitarra;3;560.2;1.4
68;68406;Santander;Lebríja;3;694.3;1.8
68;68575;Santander;Puerto Wilches;3;683.9;1.7
68;68615;Santander;Rionegro;3;763.1;1.9
68;68679;Santander;San Gil;3;655.5;1.7
73;73449;Tolima;Melgar;3;620.1;3.4
76;76113;Valle Del Cauca;Bugalagrande;3;855.9;1.2
76;76122;Valle Del Cauca;Caicedonia;3;579.7;0.8
76;76233;Valle Del Cauca;Dagua;3;530.1;0.8
76;76248;Valle Del Cauca;El Cerrito;3;817.7;1.2
76;76563;Valle Del Cauca;Pradera;3;619.8;0.9
76;76736;Valle Del Cauca;Sevilla;3;739;1
76;76895;Valle Del Cauca;Zarzal;3;880;1.2
81;81065;Arauca;Arauquita;3;817.4;18.5
81;81736;Arauca;Saravena;3;547.8;12.4
81;81794;Arauca;Tame;3;791.5;17.9
85;85139;Casanare;Maní;3;539.1;4.8
85;85230;Casanare;Orocué;3;697.2;6.2
85;85250;Casanare;Paz de Ariporo;3;829.8;7.3
85;85325;Casanare;San Luis de Palenque;3;704.6;6.2
85;85410;Casanare;Tauramena;3;1190.50;10.5
86;86001;Putumayo;Mocoa;3;534.5;16.6
86;86568;Putumayo;Puerto Asís;3;755.4;23.4
91;91001;Amazonas;Leticia;3;692.8;64.7
94;94001;Guainía;Inírida;3;689.7;82.1
95;95001;Guaviare;San José del Guaviare;3;646.3;63.1
99;99773;Vichada;Cumaribo;3;561.3;57.4
5;5030;Antioquia;Amagá;4;410.1;0.3
5;5031;Antioquia;Amalfi;4;353.7;0.3
5;5051;Antioquia;Arboletes;4;396.8;0.3
5;5101;Antioquia;Ciudad Bolívar;4;336.6;0.3
5;5120;Antioquia;Cáceres;4;433;0.4
5;5148;Antioquia;El Carmen de Viboral;4;474.5;0.4
5;5237;Antioquia;Don Matías;4;495.2;0.4
5;5264;Antioquia;Entrerrios;4;380.4;0.3
5;5585;Antioquia;Puerto Nare;4;405.2;0.3
5;5604;Antioquia;Remedios;4;454.5;0.4
5;5659;Antioquia;San Juan de Urabá;4;344;0.3
5;5790;Antioquia;Tarazá;4;425.9;0.4
5;5847;Antioquia;Urrao;4;361.3;0.3
13;13052;Bolívar;Arjona;4;432.7;1.6
13;13160;Bolívar;Cantagallo;4;383;1.4
13;13244;Bolívar;El Carmen de Bolívar;4;452.9;1.7
13;13442;Bolívar;María La Baja;4;328;1.2
13;13744;Bolívar;Simití;4;384.4;1.4
15;15690;Boyacá;Santa María;4;518.7;2.6
15;15806;Boyacá;Tibasosa;4;420.1;2.1
15;15837;Boyacá;Tuta;4;384.2;1.9
17;17042;Caldas;Anserma;4;442;3.5
17;17614;Caldas;Riosucio;4;430.2;3.4
17;17873;Caldas;Villamaría;4;372.4;2.9
19;19573;Cauca;Puerto Tejada;4;464.4;3.4
20;20238;Cesar;El Copey;4;374.8;2.3
20;20250;Cesar;El Paso;4;472.7;2.9
20;20710;Cesar;San Alberto;4;411.1;2.5
20;20770;Cesar;San Martín;4;484.4;2.9
23;23162;Córdoba;Cereté;4;474;4.1
23;23555;Córdoba;Planeta Rica;4;475.4;4.1
25;25183;Cundinamarca;Chocontá;4;436.1;0.9
25;25320;Cundinamarca;Guaduas;4;396.3;0.8
25;25377;Cundinamarca;La Calera;4;519.7;1.1
25;25843;Cundinamarca;Villa de San Diego de Ubate;4;454;0.9
27;27361;Choco;Istmina;4;450.1;10
27;27615;Choco;Riosucio;4;371;8.2
41;41006;Huila;Acevedo;4;335.5;2.4
41;41016;Huila;Aipe;4;429.5;3.1
41;41396;Huila;La Plata;4;488.6;3.5
44;44378;La Guajira;Hatonuevo;4;427;4.4
44;44560;La Guajira;Manaure;4;356.3;3.7
47;47053;Magdalena;Aracataca;4;341.5;2.8
47;47245;Magdalena;El Banco;4;354.6;2.9
47;47288;Magdalena;Fundación;4;462.5;3.7
47;47541;Magdalena;Pedraza;4;495.4;4
47;47551;Magdalena;Pivijay;4;355.8;2.9
47;47555;Magdalena;Plato;4;453.7;3.7
50;50226;Meta;Cumaral;4;426.6;1.6
50;50287;Meta;Fuente de Oro;4;486.1;1.8
50;50318;Meta;Guamal;4;475.1;1.7
50;50689;Meta;San Martín;4;374.5;1.4
50;50711;Meta;Vistahermosa;4;369.8;1.4
52;52079;Nariño;Barbacoas;4;340.8;2.6
52;52838;Nariño;Túquerres;4;484;3.8
54;54261;Norte De Santander;El Zulia;4;383.1;2.8
54;54405;Norte De Santander;Los Patios;4;517.8;3.8
54;54518;Norte De Santander;Pamplona;4;400.5;2.9
54;54810;Norte De Santander;Tibú;4;430.7;3.1
63;63401;Quindío;La Tebaida;4;425.9;5.8
63;63470;Quindío;Montenegro;4;493.6;6.7
63;63594;Quindío;Quimbaya;4;523.8;7.1
66;66088;Risaralda;Belén de Umbría;4;362.7;2.9
68;68077;Santander;Barbosa;4;353.4;0.9
68;68655;Santander;Sabana de Torres;4;427.7;1.1
68;68689;Santander;San Vicente de Chucurí;4;455.2;1.1
68;68755;Santander;Socorro;4;393.1;1
68;68820;Santander;Tona;4;464.4;1.2
70;70215;Sucre;Corozal;4;345.1;5.6
73;73168;Tolima;Chaparral;4;376.1;2.1
73;73283;Tolima;Fresno;4;336.8;1.9
73;73319;Tolima;Guamo;4;408.6;2.3
73;73411;Tolima;Líbano;4;434.1;2.4
73;73443;Tolima;Mariquita;4;397.1;2.2
73;73555;Tolima;Planadas;4;359.8;2
73;73585;Tolima;Purificación;4;391.8;2.2
76;76275;Valle Del Cauca;Florida;4;479.5;0.7
76;76616;Valle Del Cauca;Riofrío;4;440.8;0.6
76;76622;Valle Del Cauca;Roldanillo;4;391;0.6
76;76828;Valle Del Cauca;Trujillo;4;490.6;0.7
76;76890;Valle Del Cauca;Yotoco;4;347.6;0.5
85;85225;Casanare;Nunchía;4;344.5;3
85;85430;Casanare;Trinidad;4;366.4;3.2
85;85440;Casanare;Villanueva;4;516.3;4.6
86;86320;Putumayo;Orito;4;447.1;13.9
86;86885;Putumayo;Villagarzón;4;419.3;13
5;5002;Antioquia;Abejorral;5;207.3;0.2
5;5040;Antioquia;Anorí;5;260.2;0.2
5;5042;Antioquia;Santafé de Antioquia;5;300.9;0.3
5;5093;Antioquia;Betulia;5;200.2;0.2
5;5209;Antioquia;Concordia;5;253.3;0.2
5;5234;Antioquia;Dabeiba;5;318.3;0.3
5;5282;Antioquia;Fredonia;5;270.7;0.2
5;5284;Antioquia;Frontino;5;192.5;0.2
5;5310;Antioquia;Gómez Plata;5;320.4;0.3
5;5321;Antioquia;Guatapé;5;272.2;0.2
5;5361;Antioquia;Ituango;5;211.2;0.2
5;5364;Antioquia;Jardín;5;185.1;0.2
5;5368;Antioquia;Jericó;5;217.4;0.2
5;5400;Antioquia;La Unión;5;252.7;0.2
5;5480;Antioquia;Mutatá;5;216.3;0.2
5;5495;Antioquia;Nechí;5;311.1;0.3
5;5591;Antioquia;Puerto Triunfo;5;192.8;0.2
5;5607;Antioquia;Retiro;5;257.5;0.2
5;5642;Antioquia;Salgar;5;187.8;0.2
5;5665;Antioquia;San Pedro de Uraba;5;289.7;0.2
5;5667;Antioquia;San Rafael;5;186.1;0.2
5;5674;Antioquia;San Vicente;5;230.5;0.2
5;5679;Antioquia;Santa Bárbara;5;255.6;0.2
5;5690;Antioquia;Santo Domingo;5;210.1;0.2
5;5697;Antioquia;El Santuario;5;308.5;0.3
5;5789;Antioquia;Támesis;5;199.6;0.2
5;5890;Antioquia;Yolombó;5;233.7;0.2
8;8573;Atlántico;Puerto Colombia;5;324.6;0.9
8;8634;Atlántico;Sabanagrande;5;280.4;0.8
13;13433;Bolívar;Mahates;5;221.2;0.8
13;13468;Bolívar;Mompós;5;298;1.1
13;13657;Bolívar;San Juan Nepomuceno;5;244.7;0.9
13;13670;Bolívar;San Pablo;5;300.6;1.1
13;13688;Bolívar;Santa Rosa del Sur;5;268.6;1
15;15047;Boyacá;Aquitania;5;318;1.6
15;15469;Boyacá;Moniquirá;5;233;1.2
15;15514;Boyacá;Páez;5;214.3;1.1
15;15516;Boyacá;Paipa;5;316.3;1.6
15;15632;Boyacá;Saboyá;5;321.1;1.6
15;15646;Boyacá;Samacá;5;261.2;1.3
15;15740;Boyacá;Siachoque;5;206.8;1
15;15757;Boyacá;Socha;5;208.8;1.1
15;15861;Boyacá;Ventaquemada;5;300.7;1.5
17;17013;Caldas;Aguadas;5;221.1;1.7
17;17088;Caldas;Belalcázar;5;255.7;2
17;17442;Caldas;Marmato;5;220;1.7
17;17486;Caldas;Neira;5;235.7;1.8
17;17495;Caldas;Norcasia;5;240.6;1.9
17;17524;Caldas;Palestina;5;189.5;1.5
17;17541;Caldas;Pensilvania;5;190.7;1.5
17;17616;Caldas;Risaralda;5;206.9;1.6
17;17653;Caldas;Salamina;5;206.9;1.6
17;17662;Caldas;Samaná;5;201.7;1.6
17;17777;Caldas;Supía;5;246.4;1.9
18;18150;Caquetá;Cartagena del Chairá;5;247.8;6.7
18;18592;Caquetá;Puerto Rico;5;241.8;6.5
19;19100;Cauca;Bolívar;5;201;1.5
19;19110;Cauca;Buenos Aires;5;319.3;2.4
19;19130;Cauca;Cajibío;5;263;1.9
19;19137;Cauca;Caldono;5;190.3;1.4
19;19397;Cauca;La Vega;5;211.6;1.6
19;19473;Cauca;Morales;5;216.3;1.6
19;19517;Cauca;Paez;5;205.8;1.5
19;19532;Cauca;Patía;5;241.3;1.8
19;19548;Cauca;Piendamó;5;314.6;2.3
19;19743;Cauca;Silvia;5;186.1;1.4
19;19807;Cauca;Timbío;5;241.6;1.8
19;19824;Cauca;Totoró;5;205.2;1.5
19;19845;Cauca;Villa Rica;5;220.7;1.6
20;20060;Cesar;Bosconia;5;301.8;1.8
20;20175;Cesar;Chimichagua;5;189.4;1.2
20;20228;Cesar;Curumaní;5;216.1;1.3
20;20383;Cesar;La Gloria;5;200.2;1.2
20;20621;Cesar;La Paz;5;200.1;1.2
23;23068;Córdoba;Ayapel;5;220.5;1.9
23;23182;Córdoba;Chinú;5;228;1.9
23;23580;Córdoba;Puerto Libertador;5;309.6;2.6
23;23855;Córdoba;Valencia;5;187.7;1.6
25;25151;Cundinamarca;Caqueza;5;203.7;0.4
25;25245;Cundinamarca;El Colegio;5;196.7;0.4
25;25260;Cundinamarca;El Rosal;5;188.2;0.4
25;25279;Cundinamarca;Fomeque;5;193.8;0.4
25;25295;Cundinamarca;Gachancipá;5;191.2;0.4
25;25317;Cundinamarca;Guachetá;5;182.3;0.4
25;25402;Cundinamarca;La Vega;5;259.1;0.5
25;25407;Cundinamarca;Lenguazaque;5;197;0.4
25;25513;Cundinamarca;Pacho;5;236.1;0.5
25;25718;Cundinamarca;Sasaima;5;193.1;0.4
25;25736;Cundinamarca;Sesquilé;5;208.4;0.4
25;25743;Cundinamarca;Silvania;5;243.8;0.5
25;25769;Cundinamarca;Subachoque;5;226.5;0.5
25;25772;Cundinamarca;Suesca;5;232.7;0.5
25;25785;Cundinamarca;Tabio;5;181.7;0.4
25;25845;Cundinamarca;Une;5;213.2;0.4
25;25875;Cundinamarca;Villeta;5;313.8;0.6
27;27150;Choco;Carmen del Darien;5;206.1;4.6
27;27787;Choco;Tadó;5;188.1;4.2
27;27800;Choco;Unguía;5;209.7;4.6
41;41020;Huila;Algeciras;5;217.3;1.6
41;41306;Huila;Gigante;5;258.2;1.9
41;41359;Huila;Isnos;5;189.2;1.4
41;41615;Huila;Rivera;5;195.9;1.4
41;41668;Huila;San Agustín;5;269.4;1.9
41;41799;Huila;Tello;5;185.5;1.3
41;41807;Huila;Timaná;5;182.7;1.3
44;44090;La Guajira;Dibulla;5;200.1;2.1
44;44279;La Guajira;Fonseca;5;192.1;2
44;44650;La Guajira;San Juan del Cesar;5;236.2;2.4
47;47058;Magdalena;Ariguaní;5;282.2;2.3
47;47268;Magdalena;El Retén;5;264.9;2.1
47;47570;Magdalena;Puebloviejo;5;195.8;1.6
50;50110;Meta;Barranca de Upía;5;240.6;0.9
50;50325;Meta;Mapiripán;5;195.8;0.7
50;50350;Meta;La Macarena;5;223.8;0.8
50;50450;Meta;Puerto Concordia;5;205.3;0.8
50;50577;Meta;Puerto Lleras;5;255.2;0.9
50;50590;Meta;Puerto Rico;5;321;1.2
50;50606;Meta;Restrepo;5;200.6;0.7
52;52224;Nariño;Cuaspud;5;195.2;1.5
52;52399;Nariño;La Unión;5;200;1.6
52;52427;Nariño;Magüi;5;184.6;1.4
52;52678;Nariño;Samaniego;5;190.7;1.5
52;52696;Nariño;Santa Bárbara;5;196.5;1.5
54;54003;Norte De Santander;Abrego;5;304.1;2.2
54;54720;Norte De Santander;Sardinata;5;262.1;1.9
63;63190;Quindío;Circasia;5;317.7;4.3
63;63272;Quindío;Filandia;5;196.5;2.7
66;66045;Risaralda;Apía;5;187.9;1.5
66;66075;Risaralda;Balboa;5;241.9;1.9
66;66400;Risaralda;La Virginia;5;273;2.2
66;66440;Risaralda;Marsella;5;223;1.8
66;66594;Risaralda;Quinchía;5;238;1.9
66;66687;Risaralda;Santuario;5;195.5;1.5
68;68051;Santander;Aratoca;5;215.2;0.5
68;68229;Santander;Curití;5;203;0.5
68;68235;Santander;El Carmen de Chucurí;5;272;0.7
68;68385;Santander;Landázuri;5;185.6;0.5
68;68418;Santander;Los Santos;5;247.4;0.6
68;68432;Santander;Málaga;5;187.1;0.5
68;68770;Santander;Suaita;5;312.4;0.8
68;68861;Santander;Vélez;5;195.7;0.5
70;70429;Sucre;Majagual;5;194.7;3.2
70;70670;Sucre;Sampués;5;199.3;3.3
70;70708;Sucre;San Marcos;5;323.5;5.3
70;70713;Sucre;San Onofre;5;246.9;4
70;70742;Sucre;San Luis de Sincé;5;191.3;3.1
70;70820;Sucre;Santiago de Tolú;5;221.8;3.6
70;70823;Sucre;Tolú Viejo;5;236.6;3.9
73;73067;Tolima;Ataco;5;231.3;1.3
73;73124;Tolima;Cajamarca;5;264.8;1.5
73;73200;Tolima;Coello;5;226.8;1.3
73;73217;Tolima;Coyaima;5;190;1.1
73;73275;Tolima;Flandes;5;220.2;1.2
73;73349;Tolima;Honda;5;184.6;1
73;73408;Tolima;Lérida;5;259.1;1.4
73;73504;Tolima;Ortega;5;231.7;1.3
73;73616;Tolima;Rioblanco;5;200.7;1.1
73;73624;Tolima;Rovira;5;220.7;1.2
73;73671;Tolima;Saldaña;5;294.2;1.6
73;73861;Tolima;Venadillo;5;268.4;1.5
76;76020;Valle Del Cauca;Alcalá;5;231.7;0.3
76;76036;Valle Del Cauca;Andalucía;5;256.7;0.4
76;76041;Valle Del Cauca;Ansermanuevo;5;270.3;0.4
76;76100;Valle Del Cauca;Bolívar;5;214.3;0.3
76;76126;Valle Del Cauca;Calima;5;242.6;0.3
76;76246;Valle Del Cauca;El Cairo;5;280.6;0.4
76;76306;Valle Del Cauca;Ginebra;5;269.2;0.4
76;76318;Valle Del Cauca;Guacarí;5;309.1;0.4
76;76400;Valle Del Cauca;La Unión;5;317.9;0.5
76;76497;Valle Del Cauca;Obando;5;185.8;0.3
76;76606;Valle Del Cauca;Restrepo;5;234;0.3
76;76670;Valle Del Cauca;San Pedro;5;279.2;0.4
81;81300;Arauca;Fortul;5;268.5;6.1
85;85125;Casanare;Hato Corozal;5;269.1;2.4
85;85162;Casanare;Monterrey;5;189.8;1.7
86;86571;Putumayo;Puerto Guzmán;5;200;6.2
86;86865;Putumayo;Valle del Guamuez;5;252.4;7.8
91;91540;Amazonas;Puerto Nariño;5;223.3;20.9
95;95025;Guaviare;El Retorno;5;197.5;19.3
97;97001;Vaupés;Mitú;5;313.6;64.6
99;99001;Vichada;Puerto Carreño;5;257.4;26.3
5;5021;Antioquia;Alejandría;6;100.8;0.1
5;5036;Antioquia;Angelópolis;6;99.6;0.1
5;5038;Antioquia;Angostura;6;155.2;0.1
5;5044;Antioquia;Anza;6;95.2;0.1
5;5086;Antioquia;Belmira;6;92.4;0.1
5;5091;Antioquia;Betania;6;147.5;0.1
5;5125;Antioquia;Caicedo;6;91.7;0.1
5;5138;Antioquia;Cañasgordas;6;137.3;0.1
5;5190;Antioquia;Cisneros;6;104.8;0.1
5;5197;Antioquia;Cocorná;6;143.1;0.1
5;5240;Antioquia;Ebéjico;6;142.8;0.1
5;5347;Antioquia;Heliconia;6;149.6;0.1
5;5390;Antioquia;La Pintada;6;128.8;0.1
5;5411;Antioquia;Liborina;6;101.5;0.1
5;5425;Antioquia;Maceo;6;92.9;0.1
5;5467;Antioquia;Montebello;6;117.8;0.1
5;5483;Antioquia;Nariño;6;140.3;0.1
5;5541;Antioquia;Peñol;6;151.1;0.1
5;5656;Antioquia;San Jerónimo;6;137.2;0.1
5;5660;Antioquia;San Luis;6;109.4;0.1
5;5670;Antioquia;San Roque;6;175.4;0.1
5;5761;Antioquia;Sopetrán;6;125;0.1
5;5809;Antioquia;Titiribí;6;129.6;0.1
5;5854;Antioquia;Valdivia;6;176.4;0.1
5;5858;Antioquia;Vegachí;6;141.9;0.1
5;5861;Antioquia;Venecia;6;139.6;0.1
8;8137;Atlántico;Campo de La Cruz;6;105.5;0.3
8;8372;Atlántico;Juan de Acosta;6;128.7;0.4
8;8421;Atlántico;Luruaco;6;166.4;0.5
8;8436;Atlántico;Manatí;6;111.4;0.3
8;8520;Atlántico;Palmar de Varela;6;146.8;0.4
8;8558;Atlántico;Polonuevo;6;122.6;0.3
8;8560;Atlántico;Ponedera;6;175.6;0.5
8;8606;Atlántico;Repelón;6;177.2;0.5
8;8685;Atlántico;Santo Tomás;6;166.3;0.5
13;13006;Bolívar;Achí;6;172.5;0.6
13;13074;Bolívar;Barranco de Loba;6;89.2;0.3
13;13140;Bolívar;Calamar;6;145.5;0.5
13;13188;Bolívar;Cicuco;6;89.4;0.3
13;13222;Bolívar;Clemencia;6;112.9;0.4
13;13458;Bolívar;Montecristo;6;103;0.4
13;13473;Bolívar;Morales;6;150.2;0.6
13;13549;Bolívar;Pinillos;6;126.2;0.5
13;13600;Bolívar;Río Viejo ;6;102;0.4
13;13647;Bolívar;San Estanislao;6;96.7;0.4
13;13654;Bolívar;San Jacinto;6;168.9;0.6
13;13655;Bolívar;San Jacinto del Cauca;6;101.1;0.4
13;13667;Bolívar;San Martín de Loba;6;94.4;0.4
13;13673;Bolívar;Santa Catalina;6;90.2;0.3
13;13683;Bolívar;Santa Rosa;6;111.3;0.4
13;13810;Bolívar;Tiquisio;6;119.4;0.4
13;13838;Bolívar;Turbaná;6;104.1;0.4
13;13873;Bolívar;Villanueva;6;123.2;0.5
15;15051;Boyacá;Arcabuco;6;139.9;0.7
15;15087;Boyacá;Belén;6;140.7;0.7
15;15204;Boyacá;Cómbita;6;134.9;0.7
15;15232;Boyacá;Chíquiza;6;163.7;0.8
15;15299;Boyacá;Garagoa;6;150.9;0.8
15;15322;Boyacá;Guateque;6;113.4;0.6
15;15407;Boyacá;Villa de Leyva;6;159;0.8
15;15455;Boyacá;Miraflores;6;94.3;0.5
15;15476;Boyacá;Motavita;6;113;0.6
15;15480;Boyacá;Muzo;6;142.9;0.7
15;15599;Boyacá;Ramiriquí;6;112.4;0.6
15;15600;Boyacá;Ráquira;6;128.5;0.6
15;15693;Boyacá;Santa Rosa de Viterbo;6;102.3;0.5
15;15755;Boyacá;Socotá;6;117.3;0.6
15;15763;Boyacá;Sotaquirá;6;102.7;0.5
15;15764;Boyacá;Soracá;6;125.6;0.6
15;15804;Boyacá;Tibaná;6;93.2;0.5
15;15814;Boyacá;Toca;6;149.9;0.8
15;15839;Boyacá;Tutazá;6;93.5;0.5
15;15842;Boyacá;Umbita;6;117.7;0.6
17;17050;Caldas;Aranzazu;6;114.3;0.9
17;17272;Caldas;Filadelfia;6;120.3;0.9
17;17433;Caldas;Manzanares;6;176.8;1.4
17;17444;Caldas;Marquetalia;6;115.6;0.9
17;17513;Caldas;Pácora;6;177;1.4
17;17867;Caldas;Victoria;6;89.6;0.7
17;17877;Caldas;Viterbo;6;116.3;0.9
18;18094;Caquetá;Belén de Los Andaquies;6;106.6;2.9
18;18247;Caquetá;El Doncello;6;140.2;3.8
18;18256;Caquetá;El Paujil;6;106.2;2.9
18;18410;Caquetá;La Montañita;6;103;2.8
18;18460;Caquetá;Milán;6;90.7;2.5
18;18610;Caquetá;San José del Fragua;6;115.1;3.1
19;19022;Cauca;Almaguer;6;133.2;1
19;19050;Cauca;Argelia;6;120.5;0.9
19;19075;Cauca;Balboa;6;169.3;1.2
19;19212;Cauca;Corinto;6;154.2;1.1
19;19290;Cauca;Florencia;6;110.8;0.8
19;19300;Cauca;Guachené  ;6;116.5;0.9
19;19318;Cauca;Guapi;6;179.9;1.3
19;19355;Cauca;Inzá;6;168.6;1.2
19;19450;Cauca;Mercaderes;6;124.3;0.9
19;19585;Cauca;Puracé;6;102.8;0.8
19;19760;Cauca;Sotara;6;127.6;0.9
19;19780;Cauca;Suárez;6;170.6;1.3
19;19809;Cauca;Timbiquí;6;179.3;1.3
19;19821;Cauca;Toribio;6;149.5;1.1
20;20032;Cesar;Astrea;6;122.1;0.7
20;20295;Cesar;Gamarra;6;111.5;0.7
20;20517;Cesar;Pailitas;6;132.6;0.8
20;20550;Cesar;Pelaya;6;159.4;1
20;20570;Cesar;Pueblo Bello;6;162.6;1
20;20614;Cesar;Río de Oro;6;115.7;0.7
20;20750;Cesar;San Diego;6;112.2;0.7
20;20787;Cesar;Tamalameque;6;121.2;0.7
23;23079;Córdoba;Buenavista;6;108.4;0.9
23;23090;Córdoba;Canalete;6;113.3;1
23;23419;Córdoba;Los Córdobas;6;116.2;1
23;23500;Córdoba;Moñitos;6;166.2;1.4
23;23570;Córdoba;Pueblo Nuevo;6;171.2;1.5
23;23574;Córdoba;Puerto Escondido;6;152.1;1.3
23;23670;Córdoba;San Andrés Sotavento  ;6;159.8;1.4
23;23672;Córdoba;San Antero;6;120.1;1
23;23675;Córdoba;San Bernardo del Viento;6;134.3;1.1
23;23678;Córdoba;San Carlos;6;108.1;0.9
23;23686;Córdoba;San Pelayo;6;171.4;1.5
23;23815;Córdoba;Tuchín ;6;100.7;0.9
25;25001;Cundinamarca;Agua de Dios;6;132.3;0.3
25;25019;Cundinamarca;Albán;6;134.6;0.3
25;25035;Cundinamarca;Anapoima;6;156.9;0.3
25;25040;Cundinamarca;Anolaima;6;105.7;0.2
25;25053;Cundinamarca;Arbeláez;6;156.8;0.3
25;25099;Cundinamarca;Bojacá;6;142.9;0.3
25;25123;Cundinamarca;Cachipay;6;99.2;0.2
25;25148;Cundinamarca;Caparrapí;6;119.6;0.2
25;25154;Cundinamarca;Carmen de Carupa;6;103.9;0.2
25;25181;Cundinamarca;Choachí;6;131.6;0.3
25;25224;Cundinamarca;Cucunubá;6;142.7;0.3
25;25281;Cundinamarca;Fosca;6;113.1;0.2
25;25297;Cundinamarca;Gachetá;6;90.3;0.2
25;25322;Cundinamarca;Guasca;6;122.8;0.2
25;25326;Cundinamarca;Guatavita;6;114.5;0.2
25;25394;Cundinamarca;La Palma;6;121.8;0.2
25;25438;Cundinamarca;Medina;6;98.3;0.2
25;25486;Cundinamarca;Nemocón;6;131;0.3
25;25488;Cundinamarca;Nilo;6;138.3;0.3
25;25530;Cundinamarca;Paratebueno;6;160.4;0.3
25;25535;Cundinamarca;Pasca;6;137.4;0.3
25;25572;Cundinamarca;Puerto Salgar;6;174.7;0.4
25;25612;Cundinamarca;Ricaurte;6;123.5;0.3
25;25645;Cundinamarca;San Antonio del Tequendama;6;130.9;0.3
25;25653;Cundinamarca;San Cayetano;6;122.2;0.2
25;25658;Cundinamarca;San Francisco;6;109.9;0.2
25;25662;Cundinamarca;San Juan de Río Seco;6;90.1;0.2
25;25745;Cundinamarca;Simijaca;6;164;0.3
25;25781;Cundinamarca;Sutatausa;6;99.6;0.2
25;25797;Cundinamarca;Tena;6;99.8;0.2
25;25815;Cundinamarca;Tocaima;6;155;0.3
25;25841;Cundinamarca;Ubaque;6;122.3;0.2
25;25878;Cundinamarca;Viotá;6;129.7;0.3
25;25885;Cundinamarca;Yacopí;6;153.6;0.3
27;27006;Choco;Acandí;6;150;3.3
27;27025;Choco;Alto Baudo;6;130.3;2.9
27;27245;Choco;El Carmen de Atrato;6;150.6;3.3
27;27413;Choco;Lloró;6;113.6;2.5
27;27425;Choco;Medio Atrato;6;102.6;2.3
27;27600;Choco;Río Quito;6;103.4;2.3
41;41319;Huila;Guadalupe;6;161.2;1.2
41;41357;Huila;Iquira;6;104.6;0.8
41;41378;Huila;La Argentina;6;105.7;0.8
41;41503;Huila;Oporapa;6;107.9;0.8
41;41518;Huila;Paicol;6;102.8;0.7
41;41530;Huila;Palestina;6;114.4;0.8
41;41548;Huila;Pital;6;137.5;1
41;41660;Huila;Saladoblanco;6;112.7;0.8
41;41676;Huila;Santa María;6;103.8;0.8
41;41770;Huila;Suaza;6;173.5;1.3
41;41791;Huila;Tarqui;6;142.4;1
41;41797;Huila;Tesalia;6;133;1
41;41801;Huila;Teruel;6;89.1;0.6
41;41872;Huila;Villavieja;6;134.8;1
44;44874;La Guajira;Villanueva;6;127.4;1.3
47;47030;Magdalena;Algarrobo;6;139.8;1.1
47;47170;Magdalena;Chivolo;6;107.6;0.9
47;47258;Magdalena;El Piñon;6;134.3;1.1
47;47318;Magdalena;Guamal;6;156.2;1.3
47;47460;Magdalena;Nueva Granada;6;166.1;1.3
47;47545;Magdalena;Pijiño del Carmen;6;107.5;0.9
47;47660;Magdalena;Sabanas de San Angel;6;130.1;1.1
47;47692;Magdalena;San Sebastián de Buenavista;6;126.3;1
47;47707;Magdalena;Santa Ana;6;173.7;1.4
47;47720;Magdalena;Santa Bárbara de Pinto;6;98.6;0.8
47;47745;Magdalena;Sitionuevo;6;150.8;1.2
50;50251;Meta;El Castillo;6;127.6;0.5
50;50330;Meta;Mesetas;6;146.5;0.5
50;50370;Meta;Uribe;6;135.8;0.5
50;50400;Meta;Lejanías;6;151.1;0.6
50;50683;Meta;San Juan de Arama;6;129.5;0.5
52;52110;Nariño;Buesaco;6;148.2;1.2
52;52215;Nariño;Córdoba;6;97.5;0.8
52;52227;Nariño;Cumbal;6;178.2;1.4
52;52240;Nariño;Chachagüí;6;113.6;0.9
52;52250;Nariño;El Charco;6;173.8;1.3
52;52260;Nariño;El Tambo;6;108.7;0.8
52;52317;Nariño;Guachucal;6;139.6;1.1
52;52320;Nariño;Guaitarilla;6;92.3;0.7
52;52418;Nariño;Los Andes;6;93.8;0.7
52;52490;Nariño;Olaya Herrera;6;94.5;0.7
52;52506;Nariño;Ospina;6;116.7;0.9
52;52560;Nariño;Potosí;6;99.9;0.8
52;52585;Nariño;Pupiales;6;161.8;1.3
52;52621;Nariño;Roberto Payán;6;127.9;1
52;52683;Nariño;Sandoná;6;129.9;1
52;52687;Nariño;San Lorenzo;6;110.4;0.9
52;52720;Nariño;Sapuyes;6;97.1;0.8
52;52786;Nariño;Taminango;6;112.6;0.9
54;54172;Norte De Santander;Chinácota;6;144.4;1.1
54;54174;Norte De Santander;Chitagá;6;108.5;0.8
54;54206;Norte De Santander;Convención;6;117.2;0.9
54;54245;Norte De Santander;El Carmen;6;154.7;1.1
54;54385;Norte De Santander;La Esperanza;6;107.7;0.8
54;54398;Norte De Santander;La Playa;6;147.9;1.1
54;54553;Norte De Santander;Puerto Santander;6;88.4;0.6
54;54670;Norte De Santander;San Calixto;6;137.7;1
54;54743;Norte De Santander;Silos;6;104.5;0.8
54;54800;Norte De Santander;Teorama;6;141.6;1
54;54820;Norte De Santander;Toledo;6;100.5;0.7
63;63212;Quindío;Córdoba;6;98.7;1.3
63;63302;Quindío;Génova;6;127.7;1.7
63;63548;Quindío;Pijao;6;111;1.5
63;63690;Quindío;Salento;6;100;1.4
66;66318;Risaralda;Guática;6;130.7;1
66;66383;Risaralda;La Celia;6;94.9;0.7
66;66456;Risaralda;Mistrató;6;121.8;1
66;66572;Risaralda;Pueblo Rico;6;102.6;0.8
68;68079;Santander;Barichara;6;126.9;0.3
68;68092;Santander;Betulia;6;146.2;0.4
68;68101;Santander;Bolívar;6;113.8;0.3
68;68152;Santander;Carcasí;6;99;0.2
68;68162;Santander;Cerrito;6;116.3;0.3
68;68167;Santander;Charalá;6;101.3;0.3
68;68176;Santander;Chima;6;112;0.3
68;68207;Santander;Concepción;6;157.2;0.4
68;68255;Santander;El Playón;6;153.2;0.4
68;68318;Santander;Guaca;6;92.6;0.2
68;68464;Santander;Mogotes;6;98.6;0.2
68;68500;Santander;Oiba;6;116.9;0.3
68;68533;Santander;Páramo;6;169.4;0.4
68;68572;Santander;Puente Nacional;6;107.4;0.3
68;68573;Santander;Puerto Parra;6;126.1;0.3
68;68669;Santander;San Andrés;6;114.5;0.3
68;68686;Santander;San Miguel;6;93;0.2
68;68855;Santander;Valle de San José;6;166.6;0.4
68;68872;Santander;Villanueva;6;128.6;0.3
68;68895;Santander;Zapatoca;6;110.1;0.3
70;70221;Sucre;Coveñas;6;146.5;2.4
70;70235;Sucre;Galeras;6;127.4;2.1
70;70265;Sucre;Guaranda;6;112.5;1.8
70;70418;Sucre;Los Palmitos;6;120.1;2
70;70508;Sucre;Ovejas;6;125.4;2
70;70678;Sucre;San Benito Abad;6;119.8;2
70;70717;Sucre;San Pedro;6;92.1;1.5
70;70771;Sucre;Sucre;6;109.2;1.8
73;73026;Tolima;Alvarado;6;129.4;0.7
73;73030;Tolima;Ambalema;6;127.3;0.7
73;73043;Tolima;Anzoátegui;6;138.4;0.8
73;73055;Tolima;Armero;6;164.5;0.9
73;73270;Tolima;Falan;6;91.4;0.5
73;73347;Tolima;Herveo;6;98;0.5
73;73352;Tolima;Icononzo;6;94.8;0.5
73;73483;Tolima;Natagaima;6;149;0.8
73;73520;Tolima;Palocabildo;6;88.8;0.5
73;73547;Tolima;Piedras;6;137.8;0.8
73;73563;Tolima;Prado;6;152.1;0.8
73;73675;Tolima;San Antonio;6;124.5;0.7
73;73678;Tolima;San Luis;6;120;0.7
73;73870;Tolima;Villahermosa;6;111.5;0.6
76;76054;Valle Del Cauca;Argelia;6;174.3;0.2
76;76243;Valle Del Cauca;El Águila;6;161.8;0.2
76;76250;Valle Del Cauca;El Dovio;6;120.6;0.2
76;76377;Valle Del Cauca;La Cumbre;6;103.2;0.1
76;76403;Valle Del Cauca;La Victoria;6;144.7;0.2
76;76823;Valle Del Cauca;Toro;6;128.1;0.2
76;76863;Valle Del Cauca;Versalles;6;120.6;0.2
76;76869;Valle Del Cauca;Vijes;6;114.6;0.2
85;85263;Casanare;Pore;6;143.2;1.3
86;86573;Putumayo;Puerto Leguízamo;6;140.8;4.4
86;86749;Putumayo;Sibundoy;6;93.8;2.9
86;86757;Putumayo;San Miguel;6;173.9;5.4
88;88564;Archipiélago De San Andrés;Providencia;6;105.6;6.8
95;95015;Guaviare;Calamar;6;94.4;9.2
99;99524;Vichada;La Primavera;6;131.4;13.4
5;5004;Antioquia;Abriaquí;7;21.6;0
5;5055;Antioquia;Argelia;7;83;0.1
5;5059;Antioquia;Armenia;7;72.3;0.1
5;5107;Antioquia;Briceño;7;71.2;0.1
5;5113;Antioquia;Buriticá;7;73.2;0.1
5;5134;Antioquia;Campamento;7;66;0.1
5;5142;Antioquia;Caracolí;7;55.8;0
5;5145;Antioquia;Caramanta;7;63.8;0.1
5;5150;Antioquia;Carolina;7;62.3;0.1
5;5206;Antioquia;Concepción;7;53;0
5;5306;Antioquia;Giraldo;7;37.8;0
5;5313;Antioquia;Granada;7;69.8;0.1
5;5315;Antioquia;Guadalupe;7;61.5;0.1
5;5353;Antioquia;Hispania;7;55.2;0
5;5475;Antioquia;Murindó;7;34.7;0
5;5501;Antioquia;Olaya;7;29.5;0
5;5543;Antioquia;Peque;7;82.7;0.1
5;5576;Antioquia;Pueblorrico;7;81.3;0.1
5;5628;Antioquia;Sabanalarga;7;75;0.1
5;5647;Antioquia;San Andrés de Cuerquía;7;63.7;0.1
5;5652;Antioquia;San Francisco;7;49.3;0
5;5658;Antioquia;San José de La Montaña;7;42.1;0
5;5792;Antioquia;Tarso;7;83.9;0.1
5;5819;Antioquia;Toledo;7;66.2;0.1
5;5842;Antioquia;Uramita;7;69.9;0.1
5;5856;Antioquia;Valparaíso;7;78.5;0.1
5;5873;Antioquia;Vigía del Fuerte;7;66.1;0.1
5;5885;Antioquia;Yalí;7;72.1;0.1
8;8141;Atlántico;Candelaria;7;75.8;0.2
8;8549;Atlántico;Piojó;7;35.6;0.1
8;8675;Atlántico;Santa Lucía;7;66.5;0.2
8;8770;Atlántico;Suan;7;56.5;0.2
8;8832;Atlántico;Tubará;7;87.3;0.2
8;8849;Atlántico;Usiacurí;7;54.1;0.2
13;13030;Bolívar;Altos del Rosario;7;57.8;0.2
13;13042;Bolívar;Arenal;7;77.5;0.3
13;13062;Bolívar;Arroyohondo;7;50.2;0.2
13;13212;Bolívar;Córdoba;7;74.8;0.3
13;13248;Bolívar;El Guamo;7;56.2;0.2
13;13268;Bolívar;El Peñón;7;53.4;0.2
13;13300;Bolívar;Hatillo de Loba;7;62.1;0.2
13;13440;Bolívar;Margarita;7;51.7;0.2
13;13490;Bolívar;Norosí;7;41.4;0.2
13;13580;Bolívar;Regidor;7;80.4;0.3
13;13620;Bolívar;San Cristóbal;7;30.3;0.1
13;13650;Bolívar;San Fernando;7;63.7;0.2
13;13760;Bolívar;Soplaviento;7;42.3;0.2
13;13780;Bolívar;Talaigua Nuevo;7;87.2;0.3
13;13894;Bolívar;Zambrano;7;85.7;0.3
15;15022;Boyacá;Almeida;7;14.2;0.1
15;15090;Boyacá;Berbeo;7;15.4;0.1
15;15092;Boyacá;Betéitiva;7;17.9;0.1
15;15097;Boyacá;Boavita;7;59.3;0.3
15;15104;Boyacá;Boyacá;7;61.8;0.3
15;15106;Boyacá;Briceño;7;20.8;0.1
15;15109;Boyacá;Buenavista;7;41.3;0.2
15;15114;Boyacá;Busbanzá;7;8;0
15;15131;Boyacá;Caldas;7;83.1;0.4
15;15135;Boyacá;Campohermoso;7;35.6;0.2
15;15162;Boyacá;Cerinza;7;27.4;0.1
15;15172;Boyacá;Chinavita;7;33.2;0.2
15;15180;Boyacá;Chiscas;7;36.7;0.2
15;15183;Boyacá;Chita;7;77;0.4
15;15185;Boyacá;Chitaraque;7;51.1;0.3
15;15187;Boyacá;Chivatá;7;38.2;0.2
15;15189;Boyacá;Ciénega;7;53.1;0.3
15;15212;Boyacá;Coper;7;30.1;0.2
15;15215;Boyacá;Corrales;7;59.8;0.3
15;15218;Boyacá;Covarachía;7;26.2;0.1
15;15223;Boyacá;Cubará;7;56.6;0.3
15;15224;Boyacá;Cucaita;7;51;0.3
15;15226;Boyacá;Cuítiva;7;16.5;0.1
15;15236;Boyacá;Chivor;7;18.7;0.1
15;15244;Boyacá;El Cocuy;7;54.9;0.3
15;15248;Boyacá;El Espino;7;31.9;0.2
15;15272;Boyacá;Firavitoba;7;55.1;0.3
15;15276;Boyacá;Floresta;7;31.2;0.2
15;15293;Boyacá;Gachantivá;7;25.8;0.1
15;15296;Boyacá;Gameza;7;63.3;0.3
15;15317;Boyacá;Guacamayas;7;13.9;0.1
15;15325;Boyacá;Guayatá;7;48.2;0.2
15;15332;Boyacá;Güicán;7;50.6;0.3
15;15362;Boyacá;Iza;7;21.1;0.1
15;15367;Boyacá;Jenesano;7;72.8;0.4
15;15368;Boyacá;Jericó;7;47.3;0.2
15;15377;Boyacá;Labranzagrande;7;51.1;0.3
15;15380;Boyacá;La Capilla;7;22.1;0.1
15;15401;Boyacá;La Victoria;7;13.8;0.1
15;15403;Boyacá;La Uvita;7;31.1;0.2
15;15425;Boyacá;Macanal;7;64.2;0.3
15;15442;Boyacá;Maripí;7;59.7;0.3
15;15464;Boyacá;Mongua;7;45.5;0.2
15;15466;Boyacá;Monguí;7;48.7;0.2
15;15494;Boyacá;Nuevo Colón;7;56.4;0.3
15;15500;Boyacá;Oicatá;7;27.4;0.1
15;15507;Boyacá;Otanche;7;83.6;0.4
15;15511;Boyacá;Pachavita;7;24;0.1
15;15518;Boyacá;Pajarito;7;26.5;0.1
15;15522;Boyacá;Panqueba;7;14.2;0.1
15;15531;Boyacá;Pauna;7;76.9;0.4
15;15533;Boyacá;Paya;7;21;0.1
15;15537;Boyacá;Paz de Río;7;61.6;0.3
15;15542;Boyacá;Pesca;7;63.1;0.3
15;15550;Boyacá;Pisba;7;56.2;0.3
15;15580;Boyacá;Quípama;7;62.4;0.3
15;15621;Boyacá;Rondón;7;29.6;0.1
15;15638;Boyacá;Sáchica;7;37.9;0.2
15;15660;Boyacá;San Eduardo;7;23.3;0.1
15;15664;Boyacá;San José de Pare;7;46.5;0.2
15;15667;Boyacá;San Luis de Gaceno;7;70.5;0.4
15;15673;Boyacá;San Mateo;7;52.3;0.3
15;15676;Boyacá;San Miguel de Sema;7;36.6;0.2
15;15681;Boyacá;San Pablo de Borbur;7;79.2;0.4
15;15686;Boyacá;Santana;7;79;0.4
15;15696;Boyacá;Santa Sofía;7;27.9;0.1
15;15720;Boyacá;Sativanorte;7;24.7;0.1
15;15723;Boyacá;Sativasur;7;20.8;0.1
15;15753;Boyacá;Soatá;7;70.3;0.4
15;15761;Boyacá;Somondoco;7;43;0.2
15;15762;Boyacá;Sora;7;28;0.1
15;15774;Boyacá;Susacón;7;25.3;0.1
15;15776;Boyacá;Sutamarchán;7;49.5;0.2
15;15778;Boyacá;Sutatenza;7;47.1;0.2
15;15790;Boyacá;Tasco;7;67.7;0.3
15;15798;Boyacá;Tenza;7;62.1;0.3
15;15808;Boyacá;Tinjacá;7;23.5;0.1
15;15810;Boyacá;Tipacoque;7;27.3;0.1
15;15816;Boyacá;Togüí;7;50.1;0.3
15;15820;Boyacá;Tópaga;7;41.6;0.2
15;15822;Boyacá;Tota;7;59.8;0.3
15;15832;Boyacá;Tununguá;7;16.3;0.1
15;15835;Boyacá;Turmequé;7;84;0.4
15;15879;Boyacá;Viracachá;7;56.3;0.3
15;15897;Boyacá;Zetaquira;7;39.2;0.2
17;17388;Caldas;La Merced;7;52.9;0.4
17;17446;Caldas;Marulanda;7;45.9;0.4
17;17665;Caldas;San José;7;83.5;0.7
18;18029;Caquetá;Albania;7;48.3;1.3
18;18205;Caquetá;Curillo;7;66.8;1.8
18;18479;Caquetá;Morelia;7;33.2;0.9
18;18756;Caquetá;Solano;7;87.3;2.4
18;18785;Caquetá;Solita;7;60.1;1.6
18;18860;Caquetá;Valparaíso;7;67;1.8
19;19364;Cauca;Jambaló;7;84.6;0.6
19;19392;Cauca;La Sierra;7;72.8;0.5
19;19418;Cauca;López;7;71.1;0.5
19;19513;Cauca;Padilla;7;46.7;0.3
19;19533;Cauca;Piamonte;7;64.2;0.5
19;19622;Cauca;Rosas;7;84.3;0.6
19;19693;Cauca;San Sebastián;7;55.2;0.4
19;19701;Cauca;Santa Rosa;7;34.9;0.3
19;19785;Cauca;Sucre;7;51.3;0.4
20;20310;Cesar;González;7;34.3;0.2
20;20443;Cesar;Manaure;7;70;0.4
23;23168;Córdoba;Chimá;7;66.6;0.6
23;23300;Córdoba;Cotorra;7;61.6;0.5
23;23350;Córdoba;La Apartada;7;74;0.6
23;23464;Córdoba;Momil;7;63.1;0.5
23;23586;Córdoba;Purísima;7;52.1;0.4
23;23682;Córdoba;San José de Uré;7;45.1;0.4
25;25086;Cundinamarca;Beltrán;7;16.3;0
25;25095;Cundinamarca;Bituima;7;24.1;0
25;25120;Cundinamarca;Cabrera;7;36.4;0.1
25;25168;Cundinamarca;Chaguaní;7;41.2;0.1
25;25178;Cundinamarca;Chipaque;7;68.4;0.1
25;25258;Cundinamarca;El Peñón;7;31.9;0.1
25;25288;Cundinamarca;Fúquene;7;71.4;0.1
25;25293;Cundinamarca;Gachala;7;45.5;0.1
25;25299;Cundinamarca;Gama;7;22.6;0
25;25312;Cundinamarca;Granada;7;79.6;0.2
25;25324;Cundinamarca;Guataquí;7;18.5;0
25;25328;Cundinamarca;Guayabal de Siquima;7;69.2;0.1
25;25335;Cundinamarca;Guayabetal;7;50.3;0.1
25;25339;Cundinamarca;Gutiérrez;7;31.9;0.1
25;25368;Cundinamarca;Jerusalén;7;21;0
25;25372;Cundinamarca;Junín;7;54.2;0.1
25;25398;Cundinamarca;La Peña;7;60.1;0.1
25;25426;Cundinamarca;Macheta;7;60;0.1
25;25436;Cundinamarca;Manta;7;38.8;0.1
25;25483;Cundinamarca;Nariño;7;78.8;0.2
25;25489;Cundinamarca;Nimaima;7;42.6;0.1
25;25491;Cundinamarca;Nocaima;7;82.8;0.2
25;25506;Cundinamarca;Venecia;7;32.9;0.1
25;25518;Cundinamarca;Paime;7;38.3;0.1
25;25524;Cundinamarca;Pandi;7;41.5;0.1
25;25580;Cundinamarca;Pulí;7;32.2;0.1
25;25592;Cundinamarca;Quebradanegra;7;42.7;0.1
25;25594;Cundinamarca;Quetame;7;55.1;0.1
25;25596;Cundinamarca;Quipile;7;64;0.1
25;25599;Cundinamarca;Apulo;7;67.8;0.1
25;25649;Cundinamarca;San Bernardo;7;79.3;0.2
25;25777;Cundinamarca;Supatá;7;57.7;0.1
25;25779;Cundinamarca;Susa;7;83.4;0.2
25;25805;Cundinamarca;Tibacuy;7;47;0.1
25;25807;Cundinamarca;Tibirita;7;29.4;0.1
25;25823;Cundinamarca;Topaipí;7;32.4;0.1
25;25851;Cundinamarca;Útica;7;43.1;0.1
25;25862;Cundinamarca;Vergara;7;79.4;0.2
25;25867;Cundinamarca;Vianí;7;39.9;0.1
25;25871;Cundinamarca;Villagómez;7;19.7;0
25;25898;Cundinamarca;Zipacón;7;83.1;0.2
27;27050;Choco;Atrato;7;68.2;1.5
27;27073;Choco;Bagadó;7;35.2;0.8
27;27075;Choco;Bahía Solano;7;35.4;0.8
27;27077;Choco;Bajo Baudó;7;61.8;1.4
27;27099;Choco;Bojaya;7;52;1.2
27;27135;Choco;El Cantón del San Pablo;7;79.4;1.8
27;27160;Choco;Cértegui;7;45.6;1
27;27205;Choco;Condoto;7;84.7;1.9
27;27250;Choco;El Litoral del San Juan;7;38.9;0.9
27;27372;Choco;Juradó;7;15;0.3
27;27430;Choco;Medio Baudó;7;68.2;1.5
27;27450;Choco;Medio San Juan;7;61.8;1.4
27;27491;Choco;Nóvita;7;87.6;1.9
27;27495;Choco;Nuquí;7;34.5;0.8
27;27580;Choco;Río Iro;7;28.6;0.6
27;27660;Choco;San José del Palmar;7;21.4;0.5
27;27745;Choco;Sipí;7;36.9;0.8
27;27810;Choco;Unión Panamericana;7;87.9;1.9
41;41013;Huila;Agrado;7;73.6;0.5
41;41026;Huila;Altamira;7;39.8;0.3
41;41078;Huila;Baraya;7;80.4;0.6
41;41206;Huila;Colombia;7;85;0.6
41;41244;Huila;Elías;7;34.3;0.2
41;41349;Huila;Hobo;7;65.4;0.5
41;41483;Huila;Nátaga;7;53.5;0.4
44;44098;La Guajira;Distracción;7;68.9;0.7
44;44110;La Guajira;El Molino;7;48.7;0.5
44;44420;La Guajira;La Jagua del Pilar;7;31.4;0.3
44;44855;La Guajira;Urumita;7;76.2;0.8
47;47161;Magdalena;Cerro San Antonio;7;54.4;0.4
47;47205;Magdalena;Concordia;7;59.5;0.5
47;47605;Magdalena;Remolino;7;46.3;0.4
47;47675;Magdalena;Salamina;7;70.7;0.6
47;47703;Magdalena;San Zenón;7;56;0.5
47;47798;Magdalena;Tenerife;7;80;0.6
47;47960;Magdalena;Zapayán;7;68.5;0.6
50;50223;Meta;Cubarral;7;61.2;0.2
50;50245;Meta;El Calvario;7;18.4;0.1
50;50270;Meta;El Dorado;7;42.2;0.2
50;50686;Meta;San Juanito;7;20.6;0.1
52;52019;Nariño;Albán;7;84.7;0.7
52;52022;Nariño;Aldana;7;56.5;0.4
52;52036;Nariño;Ancuyá;7;36;0.3
52;52051;Nariño;Arboleda;7;46.5;0.4
52;52083;Nariño;Belén;7;35.6;0.3
52;52203;Nariño;Colón;7;70.3;0.5
52;52207;Nariño;Consaca;7;77.2;0.6
52;52210;Nariño;Contadero;7;62.6;0.5
52;52233;Nariño;Cumbitara;7;53;0.4
52;52254;Nariño;El Peñol;7;41.1;0.3
52;52256;Nariño;El Rosario;7;43.7;0.3
52;52258;Nariño;El Tablón de Gómez;7;65.7;0.5
52;52287;Nariño;Funes;7;45.2;0.4
52;52323;Nariño;Gualmatán;7;82;0.6
52;52352;Nariño;Iles;7;87;0.7
52;52354;Nariño;Imués;7;51;0.4
52;52378;Nariño;La Cruz;7;73.8;0.6
52;52381;Nariño;La Florida;7;70.9;0.6
52;52385;Nariño;La Llanada;7;23.8;0.2
52;52390;Nariño;La Tola;7;33.4;0.3
52;52405;Nariño;Leiva;7;65.3;0.5
52;52411;Nariño;Linares;7;57.2;0.4
52;52435;Nariño;Mallama;7;37.3;0.3
52;52473;Nariño;Mosquera;7;77.1;0.6
52;52480;Nariño;Nariño;7;41.8;0.3
52;52520;Nariño;Francisco Pizarro;7;41.1;0.3
52;52540;Nariño;Policarpa;7;74.5;0.6
52;52565;Nariño;Providencia;7;41.9;0.3
52;52573;Nariño;Puerres;7;58.1;0.5
52;52612;Nariño;Ricaurte;7;63.9;0.5
52;52685;Nariño;San Bernardo;7;54.6;0.4
52;52693;Nariño;San Pablo;7;85.2;0.7
52;52694;Nariño;San Pedro de Cartago;7;31.3;0.2
52;52699;Nariño;Santacruz;7;75.7;0.6
52;52788;Nariño;Tangua;7;69.2;0.5
52;52885;Nariño;Yacuanquer;7;80.7;0.6
54;54051;Norte De Santander;Arboledas;7;80.7;0.6
54;54099;Norte De Santander;Bochalema;7;79.5;0.6
54;54109;Norte De Santander;Bucarasica;7;38;0.3
54;54125;Norte De Santander;Cácota;7;34.2;0.2
54;54128;Norte De Santander;Cachirá;7;63.2;0.5
54;54223;Norte De Santander;Cucutilla;7;64.3;0.5
54;54239;Norte De Santander;Durania;7;47.4;0.3
54;54250;Norte De Santander;El Tarra;7;83.9;0.6
54;54313;Norte De Santander;Gramalote;7;35.4;0.3
54;54344;Norte De Santander;Hacarí;7;78.7;0.6
54;54347;Norte De Santander;Herrán;7;23.7;0.2
54;54377;Norte De Santander;Labateca;7;42.7;0.3
54;54418;Norte De Santander;Lourdes;7;30.4;0.2
54;54480;Norte De Santander;Mutiscua;7;44.4;0.3
54;54520;Norte De Santander;Pamplonita;7;35.3;0.3
54;54599;Norte De Santander;Ragonvalia;7;39.7;0.3
54;54660;Norte De Santander;Salazar;7;79.6;0.6
54;54673;Norte De Santander;San Cayetano;7;78.7;0.6
54;54680;Norte De Santander;Santiago;7;24.5;0.2
54;54871;Norte De Santander;Villa Caro;7;63.5;0.5
63;63111;Quindío;Buenavista;7;81.4;1.1
68;68013;Santander;Aguada;7;14.2;0
68;68020;Santander;Albania;7;36.9;0.1
68;68121;Santander;Cabrera;7;18.2;0
68;68132;Santander;California;7;15.7;0
68;68147;Santander;Capitanejo;7;57.2;0.1
68;68160;Santander;Cepitá;7;13.3;0
68;68169;Santander;Charta;7;18.1;0
68;68179;Santander;Chipatá;7;35.8;0.1
68;68209;Santander;Confines;7;46;0.1
68;68211;Santander;Contratación;7;36;0.1
68;68217;Santander;Coromoro;7;50.8;0.1
68;68245;Santander;El Guacamayo;7;23.9;0.1
68;68250;Santander;El Peñón;7;40.3;0.1
68;68264;Santander;Encino;7;28.6;0.1
68;68266;Santander;Enciso;7;29;0.1
68;68271;Santander;Florián;7;50.8;0.1
68;68296;Santander;Galán;7;35.8;0.1
68;68298;Santander;Gambita;7;37.7;0.1
68;68320;Santander;Guadalupe;7;68.6;0.2
68;68322;Santander;Guapotá;7;25.7;0.1
68;68324;Santander;Guavatá;7;35.5;0.1
68;68327;Santander;Güepsa;7;38.2;0.1
68;68344;Santander;Hato;7;50.9;0.1
68;68368;Santander;Jesús María;7;34.5;0.1
68;68370;Santander;Jordán;7;12.1;0
68;68377;Santander;La Belleza;7;75.2;0.2
68;68397;Santander;La Paz;7;53.5;0.1
68;68425;Santander;Macaravita;7;33.5;0.1
68;68444;Santander;Matanza;7;73.8;0.2
68;68468;Santander;Molagavita;7;53.8;0.1
68;68498;Santander;Ocamonte;7;61;0.2
68;68502;Santander;Onzaga;7;45.4;0.1
68;68522;Santander;Palmar;7;18.5;0
68;68524;Santander;Palmas del Socorro;7;34.9;0.1
68;68549;Santander;Pinchote;7;69.3;0.2
68;68673;Santander;San Benito;7;30.9;0.1
68;68682;Santander;San Joaquín;7;22;0.1
68;68684;Santander;San José de Miranda;7;40.2;0.1
68;68705;Santander;Santa Bárbara;7;31;0.1
68;68720;Santander;Santa Helena del Opón;7;47.7;0.1
68;68745;Santander;Simacota;7;82.7;0.2
68;68773;Santander;Sucre;7;65.9;0.2
68;68780;Santander;Suratá;7;30.9;0.1
68;68867;Santander;Vetas;7;25.1;0.1
70;70110;Sucre;Buenavista;7;60.1;1
70;70124;Sucre;Caimito;7;66.2;1.1
70;70204;Sucre;Coloso;7;43.7;0.7
70;70230;Sucre;Chalán;7;20.8;0.3
70;70233;Sucre;El Roble;7;45.1;0.7
70;70400;Sucre;La Unión;7;66.5;1.1
70;70473;Sucre;Morroa;7;75.8;1.2
70;70523;Sucre;Palmito;7;68.9;1.1
70;70702;Sucre;San Juan de Betulia;7;64.6;1.1
73;73024;Tolima;Alpujarra;7;57.7;0.3
73;73148;Tolima;Carmen de Apicalá;7;74.6;0.4
73;73152;Tolima;Casabianca;7;62.1;0.3
73;73226;Tolima;Cunday;7;84.9;0.5
73;73236;Tolima;Dolores;7;83.3;0.5
73;73461;Tolima;Murillo;7;49.3;0.3
73;73622;Tolima;Roncesvalles;7;82.4;0.5
73;73686;Tolima;Santa Isabel;7;87;0.5
73;73770;Tolima;Suárez;7;41.7;0.2
73;73854;Tolima;Valle de San Juan;7;79.9;0.4
73;73873;Tolima;Villarrica;7;64.6;0.4
76;76845;Valle Del Cauca;Ulloa;7;86.1;0.1
81;81220;Arauca;Cravo Norte;7;47.8;1.1
81;81591;Arauca;Puerto Rondón;7;71.4;1.6
85;85015;Casanare;Chameza;7;21.3;0.2
85;85136;Casanare;La Salina;7;13.4;0.1
85;85279;Casanare;Recetor;7;33;0.3
85;85300;Casanare;Sabanalarga;7;45.9;0.4
85;85315;Casanare;Sácama;7;17.1;0.2
85;85400;Casanare;Támara;7;71.8;0.6
86;86219;Putumayo;Colón;7;35.2;1.1
86;86569;Putumayo;Puerto Caicedo;7;86.4;2.7
86;86755;Putumayo;San Francisco;7;34.8;1.1
86;86760;Putumayo;Santiago;7;51.6;1.6
91;91263;Amazonas;El Encanto ;7;23.9;2.2
91;91405;Amazonas;La Chorrera ;7;29.5;2.8
91;91407;Amazonas;La Pedrera ;7;26.6;2.5
91;91430;Amazonas;La Victoria ;7;5.3;0.5
91;91460;Amazonas;Miriti - Paraná ;7;7.7;0.7
91;91530;Amazonas;Puerto Alegría ;7;11.5;1.1
91;91536;Amazonas;Puerto Arica ;7;7.1;0.7
91;91669;Amazonas;Puerto Santander ;7;15.8;1.5
91;91798;Amazonas;Tarapacá ;7;26.7;2.5
94;94343;Guainía;Barranco Minas ;7;33.1;3.9
94;94663;Guainía;Mapiripana ;7;19.1;2.3
94;94883;Guainía;San Felipe ;7;14.3;1.7
94;94884;Guainía;Puerto Colombia ;7;32.5;3.9
94;94885;Guainía;La Guadalupe ;7;2.5;0.3
94;94886;Guainía;Cacahual ;7;18.2;2.2
94;94887;Guainía;Pana Pana ;7;21.8;2.6
94;94888;Guainía;Morichal ;7;8.3;1
95;95200;Guaviare;Miraflores;7;86.5;8.4
97;97161;Vaupés;Caruru;7;72.6;15
97;97511;Vaupés;Pacoa ;7;18.7;3.9
97;97666;Vaupés;Taraira;7;74;15.2
97;97777;Vaupés;Papunaua ;7;2.7;0.6
97;97889;Vaupés;Yavaraté ;7;3.9;0.8
99;99624;Vichada;Santa Rosalía;7;27.9;2.9
;;;;;;
Fuente: Dirección de Síntesis y Cuentas Nacionales - DANE;;;;;;
p: cifra provisional;;;;;;
Actualizado el 28 de junio de 2018;;;;;;
